allocation_id,payment_doc,payment_date,batch_ref,stat_no,payment_amount,target_doc,target_date,target_month_year,target_lane,target_amount,allocated_amount,residual_after_allocation,allocation_type,evidence_source,confidence,commercially_confirmed,review_required,notes
AL-0001,00004904,2019-01-21,EASYREC,11,7000.0,00004635,2018-12-04,2018-12,LPG,4750.02,2306.68,4693.32,SPLIT_PAYMENT_PORTION,ERP_LEDGER,Probable,True,False,Allocated to 2018-12 LPG invoice.
AL-0002,00004904,2019-01-21,EASYREC,11,7000.0,00004542,2018-12-22,2018-12,LPG,4250.0,4250.0,443.32,SPLIT_PAYMENT_PORTION,ERP_LEDGER,Probable,True,False,Allocated to 2018-12 LPG invoice.
AL-0003,00016648,2022-10-20,STAT204,8,15885.27,00004553,2019-01-02,2019-01,LPG,4250.0,2550.0,13335.27,SPLIT_PAYMENT_PORTION,ERP_LEDGER,Probable,True,False,Allocated to 2019-01 LPG invoice.
AL-0004,00016648,2022-10-20,STAT204,8,15885.27,00004563,2019-01-02,2019-01,LPG,1400.01,1400.01,11935.26,SPLIT_PAYMENT_PORTION,ERP_LEDGER,Probable,True,False,Allocated to 2019-01 LPG invoice.
AL-0005,00016648,2022-10-20,STAT204,8,15885.27,00004565,2019-01-02,2019-01,LPG,1750.01,1750.01,10185.25,SPLIT_PAYMENT_PORTION,ERP_LEDGER,Probable,True,False,Allocated to 2019-01 LPG invoice.
AL-0006,00016648,2022-10-20,STAT204,8,15885.27,00004566,2019-01-02,2019-01,LPG,700.01,700.01,9485.24,SPLIT_PAYMENT_PORTION,ERP_LEDGER,Probable,True,False,Allocated to 2019-01 LPG invoice.
AL-0007,00016648,2022-10-20,STAT204,8,15885.27,00004591,2019-01-05,2019-01,LPG,1750.01,1750.01,7735.23,SPLIT_PAYMENT_PORTION,ERP_LEDGER,Probable,True,False,Allocated to 2019-01 LPG invoice.
AL-0008,00016648,2022-10-20,STAT204,8,15885.27,00004610,2019-01-09,2019-01,LPG,1400.01,1400.01,6335.22,SPLIT_PAYMENT_PORTION,ERP_LEDGER,Probable,True,False,Allocated to 2019-01 LPG invoice.
AL-0009,00016648,2022-10-20,STAT204,8,15885.27,00004617,2019-01-10,2019-01,LPG,700.01,700.01,5635.21,SPLIT_PAYMENT_PORTION,ERP_LEDGER,Probable,True,False,Allocated to 2019-01 LPG invoice.
AL-0010,00016648,2022-10-20,STAT204,8,15885.27,00004626,2019-01-12,2019-01,LPG,1050.0,1050.0,4585.21,SPLIT_PAYMENT_PORTION,ERP_LEDGER,Probable,True,False,Allocated to 2019-01 LPG invoice.
AL-0011,00016648,2022-10-20,STAT204,8,15885.27,00004646,2019-01-15,2019-01,LPG,1400.01,1400.01,3185.2,SPLIT_PAYMENT_PORTION,ERP_LEDGER,Probable,True,False,Allocated to 2019-01 LPG invoice.
AL-0012,00016648,2022-10-20,STAT204,8,15885.27,00004690,2019-01-26,2019-01,LPG,900.0,900.0,2285.2,SPLIT_PAYMENT_PORTION,ERP_LEDGER,Probable,True,False,Allocated to 2019-01 LPG invoice.
AL-0013,00016648,2022-10-20,STAT204,8,15885.27,00004695,2019-01-28,2019-01,LPG,1400.01,1400.01,885.19,SPLIT_PAYMENT_PORTION,ERP_LEDGER,Probable,True,False,Allocated to 2019-01 LPG invoice.
AL-0014,00016648,2022-10-20,STAT204,8,15885.27,00004719,2019-01-31,2019-01,LPG,1200.0,885.19,0.0,SPLIT_PAYMENT_PORTION,ERP_LEDGER,Probable,True,False,Allocated to 2019-01 LPG invoice.
AL-0015,00005437,2019-04-24,STAT 162,2,9925.0,00004732,2019-02-02,2019-02,LPG,1750.01,1750.01,8174.99,SPLIT_PAYMENT_PORTION,ERP_LEDGER,Probable,True,False,Allocated to 2019-02 LPG invoice.
AL-0016,00005437,2019-04-24,STAT 162,2,9925.0,00004741,2019-02-06,2019-02,LPG,1400.01,1400.01,6774.98,SPLIT_PAYMENT_PORTION,ERP_LEDGER,Probable,True,False,Allocated to 2019-02 LPG invoice.
AL-0017,00005437,2019-04-24,STAT 162,2,9925.0,00004754,2019-02-08,2019-02,LPG,1200.0,1200.0,5574.98,SPLIT_PAYMENT_PORTION,ERP_LEDGER,Probable,True,False,Allocated to 2019-02 LPG invoice.
AL-0018,00005437,2019-04-24,STAT 162,2,9925.0,00004767,2019-02-12,2019-02,LPG,1200.0,1200.0,4374.98,SPLIT_PAYMENT_PORTION,ERP_LEDGER,Probable,True,False,Allocated to 2019-02 LPG invoice.
AL-0019,00005437,2019-04-24,STAT 162,2,9925.0,00004791,2019-02-16,2019-02,LPG,442.11,442.11,3932.87,SPLIT_PAYMENT_PORTION,ERP_LEDGER,Probable,True,False,Allocated to 2019-02 LPG invoice.
AL-0020,00005437,2019-04-24,STAT 162,2,9925.0,00004792,2019-02-17,2019-02,LPG,1105.28,1105.28,2827.59,SPLIT_PAYMENT_PORTION,ERP_LEDGER,Probable,True,False,Allocated to 2019-02 LPG invoice.
AL-0021,00005437,2019-04-24,STAT 162,2,9925.0,00004807,2019-02-19,2019-02,LPG,1200.0,1200.0,1627.59,SPLIT_PAYMENT_PORTION,ERP_LEDGER,Probable,True,False,Allocated to 2019-02 LPG invoice.
AL-0022,00005437,2019-04-24,STAT 162,2,9925.0,00004820,2019-02-22,2019-02,LPG,600.0,600.0,1027.59,SPLIT_PAYMENT_PORTION,ERP_LEDGER,Probable,True,False,Allocated to 2019-02 LPG invoice.
AL-0023,00005437,2019-04-24,STAT 162,2,9925.0,00004839,2019-02-27,2019-02,LPG,1200.0,1027.59,0.0,SPLIT_PAYMENT_PORTION,ERP_LEDGER,Probable,True,False,Allocated to 2019-02 LPG invoice.
AL-0024,00008764,2021-05-11,STAT187,3,9765.76,00004850,2019-03-01,2019-03,LPG,600.0,600.0,9165.76,SPLIT_PAYMENT_PORTION,ERP_LEDGER,Probable,True,False,Allocated to 2019-03 LPG invoice.
AL-0025,00008764,2021-05-11,STAT187,3,9765.76,00004866,2019-03-04,2019-03,LPG,1200.0,1200.0,7965.76,SPLIT_PAYMENT_PORTION,ERP_LEDGER,Probable,True,False,Allocated to 2019-03 LPG invoice.
AL-0026,00008764,2021-05-11,STAT187,3,9765.76,00004886,2019-03-08,2019-03,LPG,975.0,975.0,6990.76,SPLIT_PAYMENT_PORTION,ERP_LEDGER,Probable,True,False,Allocated to 2019-03 LPG invoice.
AL-0027,00008764,2021-05-11,STAT187,3,9765.76,00004900,2019-03-12,2019-03,LPG,1299.99,1299.99,5690.77,SPLIT_PAYMENT_PORTION,ERP_LEDGER,Probable,True,False,Allocated to 2019-03 LPG invoice.
AL-0028,00008764,2021-05-11,STAT187,3,9765.76,00004920,2019-03-15,2019-03,LPG,1300.01,1300.01,4390.76,SPLIT_PAYMENT_PORTION,ERP_LEDGER,Probable,True,False,Allocated to 2019-03 LPG invoice.
AL-0029,00008764,2021-05-11,STAT187,3,9765.76,00004942,2019-03-20,2019-03,LPG,1625.0,1625.0,2765.76,SPLIT_PAYMENT_PORTION,ERP_LEDGER,Probable,True,False,Allocated to 2019-03 LPG invoice.
AL-0030,00008764,2021-05-11,STAT187,3,9765.76,00004960,2019-03-23,2019-03,LPG,975.0,975.0,1790.76,SPLIT_PAYMENT_PORTION,ERP_LEDGER,Probable,True,False,Allocated to 2019-03 LPG invoice.
AL-0031,00008764,2021-05-11,STAT187,3,9765.76,00004973,2019-03-27,2019-03,LPG,1300.01,1300.01,490.75,SPLIT_PAYMENT_PORTION,ERP_LEDGER,Probable,True,False,Allocated to 2019-03 LPG invoice.
AL-0032,00008764,2021-05-11,STAT187,3,9765.76,00005001,2019-03-30,2019-03,LPG,650.0,490.75,0.0,SPLIT_PAYMENT_PORTION,ERP_LEDGER,Probable,True,False,Allocated to 2019-03 LPG invoice.
AL-0033,00005436,2019-05-06,STAT 163,3,13505.0,00005013,2019-04-02,2019-04,LPG,1625.01,1625.01,11879.99,SPLIT_PAYMENT_PORTION,ERP_LEDGER,Confirmed,True,False,Allocated to 2019-04 LPG invoice.
AL-0034,00005436,2019-05-06,STAT 163,3,13505.0,00005030,2019-04-05,2019-04,LPG,1439.98,1439.98,10440.01,SPLIT_PAYMENT_PORTION,ERP_LEDGER,Confirmed,True,False,Allocated to 2019-04 LPG invoice.
AL-0035,00005436,2019-05-06,STAT 163,3,13505.0,00005047,2019-04-10,2019-04,LPG,1439.98,1439.98,9000.03,SPLIT_PAYMENT_PORTION,ERP_LEDGER,Confirmed,True,False,Allocated to 2019-04 LPG invoice.
AL-0036,00005436,2019-05-06,STAT 163,3,13505.0,00005063,2019-04-13,2019-04,LPG,719.99,719.99,8280.04,SPLIT_PAYMENT_PORTION,ERP_LEDGER,Confirmed,True,False,Allocated to 2019-04 LPG invoice.
AL-0037,00005436,2019-05-06,STAT 163,3,13505.0,00005072,2019-04-16,2019-04,LPG,1799.98,1799.98,6480.06,SPLIT_PAYMENT_PORTION,ERP_LEDGER,Confirmed,True,False,Allocated to 2019-04 LPG invoice.
AL-0038,00005436,2019-05-06,STAT 163,3,13505.0,00005083,2019-04-18,2019-04,LPG,1439.98,1439.98,5040.08,SPLIT_PAYMENT_PORTION,ERP_LEDGER,Confirmed,True,False,Allocated to 2019-04 LPG invoice.
AL-0039,00005436,2019-05-06,STAT 163,3,13505.0,00005106,2019-04-24,2019-04,LPG,1439.98,1439.98,3600.1,SPLIT_PAYMENT_PORTION,ERP_LEDGER,Confirmed,True,False,Allocated to 2019-04 LPG invoice.
AL-0040,00005436,2019-05-06,STAT 163,3,13505.0,00005112,2019-04-25,2019-04,LPG,1439.98,1439.98,2160.12,SPLIT_PAYMENT_PORTION,ERP_LEDGER,Confirmed,True,False,Allocated to 2019-04 LPG invoice.
AL-0041,00005436,2019-05-06,STAT 163,3,13505.0,00005130,2019-04-30,2019-04,LPG,2159.98,2159.98,0.14,SPLIT_PAYMENT_PORTION,ERP_LEDGER,Confirmed,True,False,Allocated to 2019-04 LPG invoice.
AL-0042,00004898,2019-01-09,EASYREC,11,8500.0,00005157,2019-05-06,2019-05,LPG,1125.01,1125.01,7374.99,SPLIT_PAYMENT_PORTION,ERP_LEDGER,Probable,True,False,Allocated to 2019-05 LPG invoice.
AL-0043,00004898,2019-01-09,EASYREC,11,8500.0,00005167,2019-05-09,2019-05,LPG,1875.02,1875.02,5499.97,SPLIT_PAYMENT_PORTION,ERP_LEDGER,Probable,True,False,Allocated to 2019-05 LPG invoice.
AL-0044,00004898,2019-01-09,EASYREC,11,8500.0,00005193,2019-05-15,2019-05,LPG,1960.58,1960.58,3539.39,SPLIT_PAYMENT_PORTION,ERP_LEDGER,Probable,True,False,Allocated to 2019-05 LPG invoice.
AL-0045,00004898,2019-01-09,EASYREC,11,8500.0,00005206,2019-05-17,2019-05,LPG,750.01,750.01,2789.38,SPLIT_PAYMENT_PORTION,ERP_LEDGER,Probable,True,False,Allocated to 2019-05 LPG invoice.
AL-0046,00004898,2019-01-09,EASYREC,11,8500.0,00005231,2019-05-22,2019-05,LPG,1500.01,1500.01,1289.37,SPLIT_PAYMENT_PORTION,ERP_LEDGER,Probable,True,False,Allocated to 2019-05 LPG invoice.
AL-0047,00004898,2019-01-09,EASYREC,11,8500.0,00005253,2019-05-24,2019-05,LPG,1500.0,1289.37,0.0,SPLIT_PAYMENT_PORTION,ERP_LEDGER,Probable,True,False,Allocated to 2019-05 LPG invoice.
AL-0048,00005804,2019-07-04,STAT165,5,12750.0,00005297,2019-06-01,2019-06,LPG,1500.0,1500.0,11250.0,SPLIT_PAYMENT_PORTION,ERP_LEDGER,Confirmed,True,False,Allocated to 2019-06 LPG invoice.
AL-0049,00005804,2019-07-04,STAT165,5,12750.0,00005306,2019-06-04,2019-06,LPG,1500.0,1500.0,9750.0,SPLIT_PAYMENT_PORTION,ERP_LEDGER,Confirmed,True,False,Allocated to 2019-06 LPG invoice.
AL-0050,00005804,2019-07-04,STAT165,5,12750.0,00005330,2019-06-07,2019-06,LPG,1500.0,1500.0,8250.0,SPLIT_PAYMENT_PORTION,ERP_LEDGER,Confirmed,True,False,Allocated to 2019-06 LPG invoice.
AL-0051,00005804,2019-07-04,STAT165,5,12750.0,00005345,2019-06-11,2019-06,LPG,1500.0,1500.0,6750.0,SPLIT_PAYMENT_PORTION,ERP_LEDGER,Confirmed,True,False,Allocated to 2019-06 LPG invoice.
AL-0052,00005804,2019-07-04,STAT165,5,12750.0,00005361,2019-06-14,2019-06,LPG,1125.0,1125.0,5625.0,SPLIT_PAYMENT_PORTION,ERP_LEDGER,Confirmed,True,False,Allocated to 2019-06 LPG invoice.
AL-0053,00005804,2019-07-04,STAT165,5,12750.0,00005374,2019-06-18,2019-06,LPG,1500.0,1500.0,4125.0,SPLIT_PAYMENT_PORTION,ERP_LEDGER,Confirmed,True,False,Allocated to 2019-06 LPG invoice.
AL-0054,00005804,2019-07-04,STAT165,5,12750.0,00005400,2019-06-21,2019-06,LPG,1500.0,1500.0,2625.0,SPLIT_PAYMENT_PORTION,ERP_LEDGER,Confirmed,True,False,Allocated to 2019-06 LPG invoice.
AL-0055,00005804,2019-07-04,STAT165,5,12750.0,00005432,2019-06-26,2019-06,LPG,1500.0,1500.0,1125.0,SPLIT_PAYMENT_PORTION,ERP_LEDGER,Confirmed,True,False,Allocated to 2019-06 LPG invoice.
AL-0056,00005804,2019-07-04,STAT165,5,12750.0,00005451,2019-06-28,2019-06,LPG,1125.0,1125.0,0.0,SPLIT_PAYMENT_PORTION,ERP_LEDGER,Confirmed,True,False,Allocated to 2019-06 LPG invoice.
AL-0057,00005876,2019-08-06,STAT166,6,14429.0,00005463,2019-07-02,2019-07,LPG,1875.02,1875.02,12553.98,SPLIT_PAYMENT_PORTION,ERP_LEDGER,Confirmed,True,False,Allocated to 2019-07 LPG invoice.
AL-0058,00005876,2019-08-06,STAT166,6,14429.0,00005480,2019-07-05,2019-07,LPG,1500.0,1500.0,11053.98,SPLIT_PAYMENT_PORTION,ERP_LEDGER,Confirmed,True,False,Allocated to 2019-07 LPG invoice.
AL-0059,00005876,2019-08-06,STAT166,6,14429.0,00005496,2019-07-08,2019-07,LPG,1500.0,1500.0,9553.98,SPLIT_PAYMENT_PORTION,ERP_LEDGER,Confirmed,True,False,Allocated to 2019-07 LPG invoice.
AL-0060,00005876,2019-08-06,STAT166,6,14429.0,00005515,2019-07-12,2019-07,LPG,1500.0,1500.0,8053.98,SPLIT_PAYMENT_PORTION,ERP_LEDGER,Confirmed,True,False,Allocated to 2019-07 LPG invoice.
AL-0061,00005876,2019-08-06,STAT166,6,14429.0,00005522,2019-07-15,2019-07,LPG,554.0,554.0,7499.98,SPLIT_PAYMENT_PORTION,ERP_LEDGER,Confirmed,True,False,Allocated to 2019-07 LPG invoice.
AL-0062,00005876,2019-08-06,STAT166,6,14429.0,00005525,2019-07-16,2019-07,LPG,1874.99,1874.99,5624.99,SPLIT_PAYMENT_PORTION,ERP_LEDGER,Confirmed,True,False,Allocated to 2019-07 LPG invoice.
AL-0063,00005876,2019-08-06,STAT166,6,14429.0,00005543,2019-07-19,2019-07,LPG,1500.0,1500.0,4124.99,SPLIT_PAYMENT_PORTION,ERP_LEDGER,Confirmed,True,False,Allocated to 2019-07 LPG invoice.
AL-0064,00005876,2019-08-06,STAT166,6,14429.0,00005561,2019-07-23,2019-07,LPG,1500.0,1500.0,2624.99,SPLIT_PAYMENT_PORTION,ERP_LEDGER,Confirmed,True,False,Allocated to 2019-07 LPG invoice.
AL-0065,00005876,2019-08-06,STAT166,6,14429.0,00005582,2019-07-26,2019-07,LPG,1125.0,1125.0,1499.99,SPLIT_PAYMENT_PORTION,ERP_LEDGER,Confirmed,True,False,Allocated to 2019-07 LPG invoice.
AL-0066,00005876,2019-08-06,STAT166,6,14429.0,00005593,2019-07-30,2019-07,LPG,1500.0,1499.99,0.0,SPLIT_PAYMENT_PORTION,ERP_LEDGER,Confirmed,True,False,Allocated to 2019-07 LPG invoice.
AL-0067,00005988,2019-09-04,STAT167,7,13875.0,00005603,2019-08-02,2019-08,LPG,1500.0,1500.0,12375.0,SPLIT_PAYMENT_PORTION,ERP_LEDGER,Confirmed,True,False,Allocated to 2019-08 LPG invoice.
AL-0068,00005988,2019-09-04,STAT167,7,13875.0,00005612,2019-08-06,2019-08,LPG,1874.99,1874.99,10500.01,SPLIT_PAYMENT_PORTION,ERP_LEDGER,Confirmed,True,False,Allocated to 2019-08 LPG invoice.
AL-0069,00005988,2019-09-04,STAT167,7,13875.0,00005624,2019-08-08,2019-08,LPG,1500.0,1500.0,9000.01,SPLIT_PAYMENT_PORTION,ERP_LEDGER,Confirmed,True,False,Allocated to 2019-08 LPG invoice.
AL-0070,00005988,2019-09-04,STAT167,7,13875.0,00005652,2019-08-14,2019-08,LPG,1500.0,1500.0,7500.01,SPLIT_PAYMENT_PORTION,ERP_LEDGER,Confirmed,True,False,Allocated to 2019-08 LPG invoice.
AL-0071,00005988,2019-09-04,STAT167,7,13875.0,00005667,2019-08-16,2019-08,LPG,1500.0,1500.0,6000.01,SPLIT_PAYMENT_PORTION,ERP_LEDGER,Confirmed,True,False,Allocated to 2019-08 LPG invoice.
AL-0072,00005988,2019-09-04,STAT167,7,13875.0,00005678,2019-08-21,2019-08,LPG,1500.0,1500.0,4500.01,SPLIT_PAYMENT_PORTION,ERP_LEDGER,Confirmed,True,False,Allocated to 2019-08 LPG invoice.
AL-0073,00005988,2019-09-04,STAT167,7,13875.0,00005688,2019-08-23,2019-08,LPG,1125.0,1125.0,3375.01,SPLIT_PAYMENT_PORTION,ERP_LEDGER,Confirmed,True,False,Allocated to 2019-08 LPG invoice.
AL-0074,00005988,2019-09-04,STAT167,7,13875.0,00005698,2019-08-26,2019-08,LPG,1500.0,1500.0,1875.01,SPLIT_PAYMENT_PORTION,ERP_LEDGER,Confirmed,True,False,Allocated to 2019-08 LPG invoice.
AL-0075,00005988,2019-09-04,STAT167,7,13875.0,00005710,2019-08-29,2019-08,LPG,1500.0,1500.0,375.01,SPLIT_PAYMENT_PORTION,ERP_LEDGER,Confirmed,True,False,Allocated to 2019-08 LPG invoice.
AL-0076,00005988,2019-09-04,STAT167,7,13875.0,00005712,2019-08-30,2019-08,LPG,375.0,375.0,0.01,SPLIT_PAYMENT_PORTION,ERP_LEDGER,Confirmed,True,False,Allocated to 2019-08 LPG invoice.
AL-0077,00006104,2019-10-21,STAT168,8,13875.0,00005716,2019-09-02,2019-09,LPG,1500.0,1500.0,12375.0,SPLIT_PAYMENT_PORTION,ERP_LEDGER,Confirmed,True,False,Allocated to 2019-09 LPG invoice.
AL-0078,00006104,2019-10-21,STAT168,8,13875.0,00005742,2019-09-05,2019-09,LPG,1874.99,1874.99,10500.01,SPLIT_PAYMENT_PORTION,ERP_LEDGER,Confirmed,True,False,Allocated to 2019-09 LPG invoice.
AL-0079,00006104,2019-10-21,STAT168,8,13875.0,00005753,2019-09-09,2019-09,LPG,1875.02,1875.02,8624.99,SPLIT_PAYMENT_PORTION,ERP_LEDGER,Confirmed,True,False,Allocated to 2019-09 LPG invoice.
AL-0080,00006104,2019-10-21,STAT168,8,13875.0,00005768,2019-09-13,2019-09,LPG,1874.99,1874.99,6750.0,SPLIT_PAYMENT_PORTION,ERP_LEDGER,Confirmed,True,False,Allocated to 2019-09 LPG invoice.
AL-0081,00006104,2019-10-21,STAT168,8,13875.0,00005779,2019-09-17,2019-09,LPG,1500.0,1500.0,5250.0,SPLIT_PAYMENT_PORTION,ERP_LEDGER,Confirmed,True,False,Allocated to 2019-09 LPG invoice.
AL-0082,00006104,2019-10-21,STAT168,8,13875.0,00005797,2019-09-20,2019-09,LPG,1500.0,1500.0,3750.0,SPLIT_PAYMENT_PORTION,ERP_LEDGER,Confirmed,True,False,Allocated to 2019-09 LPG invoice.
AL-0083,00006104,2019-10-21,STAT168,8,13875.0,00005807,2019-09-25,2019-09,LPG,1874.99,1874.99,1875.01,SPLIT_PAYMENT_PORTION,ERP_LEDGER,Confirmed,True,False,Allocated to 2019-09 LPG invoice.
AL-0084,00006104,2019-10-21,STAT168,8,13875.0,00005821,2019-09-30,2019-09,LPG,1874.99,1874.99,0.02,SPLIT_PAYMENT_PORTION,ERP_LEDGER,Confirmed,True,False,Allocated to 2019-09 LPG invoice.
AL-0085,00006316,2019-12-09,STAT170,10,10875.0,00005848,2019-10-04,2019-10,LPG,1874.99,1874.99,9000.01,SPLIT_PAYMENT_PORTION,ERP_LEDGER,Confirmed,True,False,Allocated to 2019-10 LPG invoice.
AL-0086,00006316,2019-12-09,STAT170,10,10875.0,00005864,2019-10-11,2019-10,LPG,1874.99,1874.99,7125.02,SPLIT_PAYMENT_PORTION,ERP_LEDGER,Confirmed,True,False,Allocated to 2019-10 LPG invoice.
AL-0087,00006316,2019-12-09,STAT170,10,10875.0,00005872,2019-10-15,2019-10,LPG,1874.99,1874.99,5250.03,SPLIT_PAYMENT_PORTION,ERP_LEDGER,Confirmed,True,False,Allocated to 2019-10 LPG invoice.
AL-0088,00006316,2019-12-09,STAT170,10,10875.0,00005883,2019-10-18,2019-10,LPG,1500.0,1500.0,3750.03,SPLIT_PAYMENT_PORTION,ERP_LEDGER,Confirmed,True,False,Allocated to 2019-10 LPG invoice.
AL-0089,00006316,2019-12-09,STAT170,10,10875.0,00005900,2019-10-23,2019-10,LPG,1874.99,1874.99,1875.04,SPLIT_PAYMENT_PORTION,ERP_LEDGER,Confirmed,True,False,Allocated to 2019-10 LPG invoice.
AL-0090,00006316,2019-12-09,STAT170,10,10875.0,00005907,2019-10-26,2019-10,LPG,750.0,750.0,1125.04,SPLIT_PAYMENT_PORTION,ERP_LEDGER,Confirmed,True,False,Allocated to 2019-10 LPG invoice.
AL-0091,00006316,2019-12-09,STAT170,10,10875.0,00005924,2019-10-30,2019-10,LPG,1125.0,1125.0,0.04,SPLIT_PAYMENT_PORTION,ERP_LEDGER,Confirmed,True,False,Allocated to 2019-10 LPG invoice.
AL-0092,00006376,2019-12-27,STAT170,10,12915.0,00005931,2019-11-01,2019-11,LPG,1874.99,1874.99,11040.01,SPLIT_PAYMENT_PORTION,ERP_LEDGER,Confirmed,True,False,Allocated to 2019-11 LPG invoice.
AL-0093,00006376,2019-12-27,STAT170,10,12915.0,00005945,2019-11-07,2019-11,LPG,1500.0,1500.0,9540.01,SPLIT_PAYMENT_PORTION,ERP_LEDGER,Confirmed,True,False,Allocated to 2019-11 LPG invoice.
AL-0094,00006376,2019-12-27,STAT170,10,12915.0,00005949,2019-11-08,2019-11,LPG,1500.0,1500.0,8040.01,SPLIT_PAYMENT_PORTION,ERP_LEDGER,Confirmed,True,False,Allocated to 2019-11 LPG invoice.
AL-0095,00006376,2019-12-27,STAT170,10,12915.0,00005961,2019-11-12,2019-11,LPG,1500.0,1500.0,6540.01,SPLIT_PAYMENT_PORTION,ERP_LEDGER,Confirmed,True,False,Allocated to 2019-11 LPG invoice.
AL-0096,00006376,2019-12-27,STAT170,10,12915.0,00005978,2019-11-15,2019-11,LPG,1500.0,1500.0,5040.01,SPLIT_PAYMENT_PORTION,ERP_LEDGER,Confirmed,True,False,Allocated to 2019-11 LPG invoice.
AL-0097,00006376,2019-12-27,STAT170,10,12915.0,00005991,2019-11-20,2019-11,LPG,1799.98,1799.98,3240.03,SPLIT_PAYMENT_PORTION,ERP_LEDGER,Confirmed,True,False,Allocated to 2019-11 LPG invoice.
AL-0098,00006376,2019-12-27,STAT170,10,12915.0,00006000,2019-11-22,2019-11,LPG,719.99,719.99,2520.04,SPLIT_PAYMENT_PORTION,ERP_LEDGER,Confirmed,True,False,Allocated to 2019-11 LPG invoice.
AL-0099,00006376,2019-12-27,STAT170,10,12915.0,00006007,2019-11-26,2019-11,LPG,1439.98,1439.98,1080.06,SPLIT_PAYMENT_PORTION,ERP_LEDGER,Confirmed,True,False,Allocated to 2019-11 LPG invoice.
AL-0100,00006376,2019-12-27,STAT170,10,12915.0,00006028,2019-11-29,2019-11,LPG,1079.99,1079.99,0.07,SPLIT_PAYMENT_PORTION,ERP_LEDGER,Confirmed,True,False,Allocated to 2019-11 LPG invoice.
AL-0101,00006423,2020-01-17,STAT171,11,12715.0,00006044,2019-12-03,2019-12,LPG,1799.98,1799.98,10915.02,SPLIT_PAYMENT_PORTION,ERP_LEDGER,Probable,True,False,Allocated to 2019-12 LPG invoice.
AL-0102,00006423,2020-01-17,STAT171,11,12715.0,00006057,2019-12-06,2019-12,LPG,1079.99,1079.99,9835.03,SPLIT_PAYMENT_PORTION,ERP_LEDGER,Probable,True,False,Allocated to 2019-12 LPG invoice.
AL-0103,00006423,2020-01-17,STAT171,11,12715.0,00006068,2019-12-09,2019-12,LPG,1439.98,1439.98,8395.05,SPLIT_PAYMENT_PORTION,ERP_LEDGER,Probable,True,False,Allocated to 2019-12 LPG invoice.
AL-0104,00006423,2020-01-17,STAT171,11,12715.0,00006086,2019-12-13,2019-12,LPG,1828.5,1828.5,6566.55,SPLIT_PAYMENT_PORTION,ERP_LEDGER,Probable,True,False,Allocated to 2019-12 LPG invoice.
AL-0105,00006423,2020-01-17,STAT171,11,12715.0,00006097,2019-12-17,2019-12,LPG,1828.5,1828.5,4738.05,SPLIT_PAYMENT_PORTION,ERP_LEDGER,Probable,True,False,Allocated to 2019-12 LPG invoice.
AL-0106,00006423,2020-01-17,STAT171,11,12715.0,00006114,2019-12-20,2019-12,LPG,1462.8,1462.8,3275.25,SPLIT_PAYMENT_PORTION,ERP_LEDGER,Probable,True,False,Allocated to 2019-12 LPG invoice.
AL-0107,00006423,2020-01-17,STAT171,11,12715.0,00006126,2019-12-23,2019-12,LPG,2194.2,2194.2,1081.05,SPLIT_PAYMENT_PORTION,ERP_LEDGER,Probable,True,False,Allocated to 2019-12 LPG invoice.
AL-0108,00006423,2020-01-17,STAT171,11,12715.0,00006140,2019-12-28,2019-12,LPG,1097.1,1081.05,0.0,SPLIT_PAYMENT_PORTION,ERP_LEDGER,Probable,True,False,Allocated to 2019-12 LPG invoice.
AL-0109,00006685,2020-03-03,STAT173,1,15302.8,00006145,2020-01-01,2020-01,LPG,1462.8,1462.8,13840.0,SPLIT_PAYMENT_PORTION,ERP_LEDGER,Confirmed,True,False,Allocated to 2020-01 LPG invoice.
AL-0110,00006685,2020-03-03,STAT173,1,15302.8,00006151,2020-01-03,2020-01,LPG,1480.0,1480.0,12360.0,SPLIT_PAYMENT_PORTION,ERP_LEDGER,Confirmed,True,False,Allocated to 2020-01 LPG invoice.
AL-0111,00006685,2020-03-03,STAT173,1,15302.8,00006158,2020-01-06,2020-01,LPG,1110.0,1110.0,11250.0,SPLIT_PAYMENT_PORTION,ERP_LEDGER,Confirmed,True,False,Allocated to 2020-01 LPG invoice.
AL-0112,00006685,2020-03-03,STAT173,1,15302.8,00006165,2020-01-09,2020-01,LPG,1875.02,1875.02,9374.98,SPLIT_PAYMENT_PORTION,ERP_LEDGER,Confirmed,True,False,Allocated to 2020-01 LPG invoice.
AL-0113,00006685,2020-03-03,STAT173,1,15302.8,00006179,2020-01-14,2020-01,LPG,1500.01,1500.01,7874.97,SPLIT_PAYMENT_PORTION,ERP_LEDGER,Confirmed,True,False,Allocated to 2020-01 LPG invoice.
AL-0114,00006685,2020-03-03,STAT173,1,15302.8,00006191,2020-01-17,2020-01,LPG,1500.01,1500.01,6374.96,SPLIT_PAYMENT_PORTION,ERP_LEDGER,Confirmed,True,False,Allocated to 2020-01 LPG invoice.
AL-0115,00006685,2020-03-03,STAT173,1,15302.8,00006205,2020-01-22,2020-01,LPG,1875.02,1875.02,4499.94,SPLIT_PAYMENT_PORTION,ERP_LEDGER,Confirmed,True,False,Allocated to 2020-01 LPG invoice.
AL-0116,00006685,2020-03-03,STAT173,1,15302.8,00006209,2020-01-24,2020-01,LPG,1500.01,1500.01,2999.93,SPLIT_PAYMENT_PORTION,ERP_LEDGER,Confirmed,True,False,Allocated to 2020-01 LPG invoice.
AL-0117,00006685,2020-03-03,STAT173,1,15302.8,00006230,2020-01-29,2020-01,LPG,1500.01,1500.01,1499.92,SPLIT_PAYMENT_PORTION,ERP_LEDGER,Confirmed,True,False,Allocated to 2020-01 LPG invoice.
AL-0118,00006685,2020-03-03,STAT173,1,15302.8,00006238,2020-01-31,2020-01,LPG,1500.01,1499.92,0.0,SPLIT_PAYMENT_PORTION,ERP_LEDGER,Confirmed,True,False,Allocated to 2020-01 LPG invoice.
AL-0119,00009996,2021-07-01,STAT189,5,11292.11,00006248,2020-02-04,2020-02,LPG,1125.01,1125.01,10167.1,SPLIT_PAYMENT_PORTION,ERP_LEDGER,Probable,True,False,Allocated to 2020-02 LPG invoice.
AL-0120,00009996,2021-07-01,STAT189,5,11292.11,00006260,2020-02-07,2020-02,LPG,1125.0,1125.0,9042.1,SPLIT_PAYMENT_PORTION,ERP_LEDGER,Probable,True,False,Allocated to 2020-02 LPG invoice.
AL-0121,00009996,2021-07-01,STAT189,5,11292.11,00006277,2020-02-11,2020-02,LPG,1875.02,1875.02,7167.08,SPLIT_PAYMENT_PORTION,ERP_LEDGER,Probable,True,False,Allocated to 2020-02 LPG invoice.
AL-0122,00009996,2021-07-01,STAT189,5,11292.11,00006293,2020-02-14,2020-02,LPG,1500.0,1500.0,5667.08,SPLIT_PAYMENT_PORTION,ERP_LEDGER,Probable,True,False,Allocated to 2020-02 LPG invoice.
AL-0123,00009996,2021-07-01,STAT189,5,11292.11,00006306,2020-02-18,2020-02,LPG,1874.99,1874.99,3792.09,SPLIT_PAYMENT_PORTION,ERP_LEDGER,Probable,True,False,Allocated to 2020-02 LPG invoice.
AL-0124,00009996,2021-07-01,STAT189,5,11292.11,00006330,2020-02-21,2020-02,LPG,1125.0,1125.0,2667.09,SPLIT_PAYMENT_PORTION,ERP_LEDGER,Probable,True,False,Allocated to 2020-02 LPG invoice.
AL-0125,00009996,2021-07-01,STAT189,5,11292.11,00006341,2020-02-25,2020-02,LPG,1500.01,1500.01,1167.08,SPLIT_PAYMENT_PORTION,ERP_LEDGER,Probable,True,False,Allocated to 2020-02 LPG invoice.
AL-0126,00009996,2021-07-01,STAT189,5,11292.11,00006354,2020-02-28,2020-02,LPG,1125.0,1125.0,42.08,SPLIT_PAYMENT_PORTION,ERP_LEDGER,Probable,True,False,Allocated to 2020-02 LPG invoice.
AL-0127,00008420,2021-04-09,STAT186,2,12518.21,00007903,2021-03-05,2021-03,LPG,1138.02,1138.02,11380.19,SPLIT_PAYMENT_PORTION,ERP_LEDGER,Confirmed,True,False,Allocated to 2021-03 LPG invoice.
AL-0128,00008420,2021-04-09,STAT186,2,12518.21,00007925,2021-03-09,2021-03,LPG,1517.36,1517.36,9862.83,SPLIT_PAYMENT_PORTION,ERP_LEDGER,Confirmed,True,False,Allocated to 2021-03 LPG invoice.
AL-0129,00008420,2021-04-09,STAT186,2,12518.21,00007953,2021-03-13,2021-03,LPG,1517.36,1517.36,8345.47,SPLIT_PAYMENT_PORTION,ERP_LEDGER,Confirmed,True,False,Allocated to 2021-03 LPG invoice.
AL-0130,00008420,2021-04-09,STAT186,2,12518.21,00007984,2021-03-18,2021-03,LPG,2276.03,2276.03,6069.44,SPLIT_PAYMENT_PORTION,ERP_LEDGER,Confirmed,True,False,Allocated to 2021-03 LPG invoice.
AL-0131,00008420,2021-04-09,STAT186,2,12518.21,00008026,2021-03-24,2021-03,LPG,1517.36,1517.36,4552.08,SPLIT_PAYMENT_PORTION,ERP_LEDGER,Confirmed,True,False,Allocated to 2021-03 LPG invoice.
AL-0132,00008420,2021-04-09,STAT186,2,12518.21,00008059,2021-03-26,2021-03,LPG,1517.36,1517.36,3034.72,SPLIT_PAYMENT_PORTION,ERP_LEDGER,Confirmed,True,False,Allocated to 2021-03 LPG invoice.
AL-0133,00008420,2021-04-09,STAT186,2,12518.21,00008090,2021-03-30,2021-03,LPG,3034.71,3034.71,0.01,SPLIT_PAYMENT_PORTION,ERP_LEDGER,Confirmed,True,False,Allocated to 2021-03 LPG invoice.
AL-0134,00009315,2021-06-03,STAT188,4,12222.9,00008368,2021-05-04,2021-05,LPG,2498.96,2498.96,9723.94,SPLIT_PAYMENT_PORTION,ERP_LEDGER,Confirmed,True,False,Allocated to 2021-05 LPG invoice.
AL-0135,00009315,2021-06-03,STAT188,4,12222.9,00008399,2021-05-07,2021-05,LPG,1440.58,1440.58,8283.36,SPLIT_PAYMENT_PORTION,ERP_LEDGER,Confirmed,True,False,Allocated to 2021-05 LPG invoice.
AL-0136,00009315,2021-06-03,STAT188,4,12222.9,00008441,2021-05-12,2021-05,LPG,1080.44,1080.44,7202.92,SPLIT_PAYMENT_PORTION,ERP_LEDGER,Confirmed,True,False,Allocated to 2021-05 LPG invoice.
AL-0137,00009315,2021-06-03,STAT188,4,12222.9,00008460,2021-05-14,2021-05,LPG,720.29,720.29,6482.63,SPLIT_PAYMENT_PORTION,ERP_LEDGER,Confirmed,True,False,Allocated to 2021-05 LPG invoice.
AL-0138,00009315,2021-06-03,STAT188,4,12222.9,00008475,2021-05-17,2021-05,LPG,1800.73,1800.73,4681.9,SPLIT_PAYMENT_PORTION,ERP_LEDGER,Confirmed,True,False,Allocated to 2021-05 LPG invoice.
AL-0139,00009315,2021-06-03,STAT188,4,12222.9,00008510,2021-05-20,2021-05,LPG,1080.44,1080.44,3601.46,SPLIT_PAYMENT_PORTION,ERP_LEDGER,Confirmed,True,False,Allocated to 2021-05 LPG invoice.
AL-0140,00009315,2021-06-03,STAT188,4,12222.9,00008554,2021-05-24,2021-05,LPG,1080.44,1080.44,2521.02,SPLIT_PAYMENT_PORTION,ERP_LEDGER,Confirmed,True,False,Allocated to 2021-05 LPG invoice.
AL-0141,00009315,2021-06-03,STAT188,4,12222.9,00008607,2021-05-28,2021-05,LPG,1440.58,1440.58,1080.44,SPLIT_PAYMENT_PORTION,ERP_LEDGER,Confirmed,True,False,Allocated to 2021-05 LPG invoice.
AL-0142,00009315,2021-06-03,STAT188,4,12222.9,00008629,2021-05-31,2021-05,LPG,1080.44,1080.44,0.0,SPLIT_PAYMENT_PORTION,ERP_LEDGER,Confirmed,True,False,Allocated to 2021-05 LPG invoice.
AL-0143,00017777,2023-01-19,STAT207,11,10825.92,00008692,2021-06-04,2021-06,LPG,1800.73,1800.73,9025.19,SPLIT_PAYMENT_PORTION,ERP_LEDGER,Probable,True,False,Allocated to 2021-06 LPG invoice.
AL-0144,00017777,2023-01-19,STAT207,11,10825.92,00008730,2021-06-07,2021-06,LPG,1080.44,1080.44,7944.75,SPLIT_PAYMENT_PORTION,ERP_LEDGER,Probable,True,False,Allocated to 2021-06 LPG invoice.
AL-0145,00017777,2023-01-19,STAT207,11,10825.92,00008805,2021-06-10,2021-06,LPG,1969.98,1969.98,5974.77,SPLIT_PAYMENT_PORTION,ERP_LEDGER,Probable,True,False,Allocated to 2021-06 LPG invoice.
AL-0146,00017777,2023-01-19,STAT207,11,10825.92,00008809,2021-06-10,2021-06,LPG,170.0,170.0,5804.77,SPLIT_PAYMENT_PORTION,ERP_LEDGER,Probable,True,False,Allocated to 2021-06 LPG invoice.
AL-0147,00017777,2023-01-19,STAT207,11,10825.92,00008864,2021-06-15,2021-06,LPG,1347.11,1347.11,4457.66,SPLIT_PAYMENT_PORTION,ERP_LEDGER,Probable,True,False,Allocated to 2021-06 LPG invoice.
AL-0148,00017777,2023-01-19,STAT207,11,10825.92,00008897,2021-06-18,2021-06,LPG,1683.89,1683.89,2773.77,SPLIT_PAYMENT_PORTION,ERP_LEDGER,Probable,True,False,Allocated to 2021-06 LPG invoice.
AL-0149,00017777,2023-01-19,STAT207,11,10825.92,00008953,2021-06-23,2021-06,LPG,1799.98,1799.98,973.79,SPLIT_PAYMENT_PORTION,ERP_LEDGER,Probable,True,False,Allocated to 2021-06 LPG invoice.
AL-0150,00017777,2023-01-19,STAT207,11,10825.92,00008972,2021-06-24,2021-06,LPG,1439.98,973.79,0.0,SPLIT_PAYMENT_PORTION,ERP_LEDGER,Probable,True,False,Allocated to 2021-06 LPG invoice.
AL-0151,00005618,2019-06-20,STAT 163,4,8625.0,00009069,2021-07-01,2021-07,LPG,1079.99,1079.99,7545.01,SPLIT_PAYMENT_PORTION,ERP_LEDGER,Probable,True,False,Allocated to 2021-07 LPG invoice.
AL-0152,00005618,2019-06-20,STAT 163,4,8625.0,00009139,2021-07-06,2021-07,LPG,1079.99,1079.99,6465.02,SPLIT_PAYMENT_PORTION,ERP_LEDGER,Probable,True,False,Allocated to 2021-07 LPG invoice.
AL-0153,00005618,2019-06-20,STAT 163,4,8625.0,00009169,2021-07-08,2021-07,LPG,1459.99,1459.99,5005.03,SPLIT_PAYMENT_PORTION,ERP_LEDGER,Probable,True,False,Allocated to 2021-07 LPG invoice.
AL-0154,00005618,2019-06-20,STAT 163,4,8625.0,00009306,2021-07-19,2021-07,LPG,1095.0,1095.0,3910.03,SPLIT_PAYMENT_PORTION,ERP_LEDGER,Probable,True,False,Allocated to 2021-07 LPG invoice.
AL-0155,00005618,2019-06-20,STAT 163,4,8625.0,00009350,2021-07-22,2021-07,LPG,1079.99,1079.99,2830.04,SPLIT_PAYMENT_PORTION,ERP_LEDGER,Probable,True,False,Allocated to 2021-07 LPG invoice.
AL-0156,00005618,2019-06-20,STAT 163,4,8625.0,00009452,2021-07-26,2021-07,LPG,1824.99,1824.99,1005.05,SPLIT_PAYMENT_PORTION,ERP_LEDGER,Probable,True,False,Allocated to 2021-07 LPG invoice.
AL-0157,00005618,2019-06-20,STAT 163,4,8625.0,00009517,2021-07-30,2021-07,LPG,1459.99,1005.05,0.0,SPLIT_PAYMENT_PORTION,ERP_LEDGER,Probable,True,False,Allocated to 2021-07 LPG invoice.
AL-0158,00010584,2021-09-02,STAT191,7,13012.5,00009561,2021-08-02,2021-08,LPG,1095.0,1095.0,11917.5,SPLIT_PAYMENT_PORTION,ERP_LEDGER,Confirmed,True,False,Allocated to 2021-08 LPG invoice.
AL-0159,00010584,2021-09-02,STAT191,7,13012.5,00009619,2021-08-05,2021-08,LPG,1206.02,1206.02,10711.48,SPLIT_PAYMENT_PORTION,ERP_LEDGER,Confirmed,True,False,Allocated to 2021-08 LPG invoice.
AL-0160,00010584,2021-09-02,STAT191,7,13012.5,00009692,2021-08-11,2021-08,LPG,1790.02,1790.02,8921.46,SPLIT_PAYMENT_PORTION,ERP_LEDGER,Confirmed,True,False,Allocated to 2021-08 LPG invoice.
AL-0161,00010584,2021-09-02,STAT191,7,13012.5,00009756,2021-08-13,2021-08,LPG,884.1,884.1,8037.36,SPLIT_PAYMENT_PORTION,ERP_LEDGER,Confirmed,True,False,Allocated to 2021-08 LPG invoice.
AL-0162,00010584,2021-09-02,STAT191,7,13012.5,00009760,2021-08-14,2021-08,LPG,884.1,884.1,7153.26,SPLIT_PAYMENT_PORTION,ERP_LEDGER,Confirmed,True,False,Allocated to 2021-08 LPG invoice.
AL-0163,00010584,2021-09-02,STAT191,7,13012.5,00009789,2021-08-17,2021-08,LPG,1600.02,1600.02,5553.24,SPLIT_PAYMENT_PORTION,ERP_LEDGER,Confirmed,True,False,Allocated to 2021-08 LPG invoice.
AL-0164,00010584,2021-09-02,STAT191,7,13012.5,00009841,2021-08-19,2021-08,LPG,1600.02,1600.02,3953.22,SPLIT_PAYMENT_PORTION,ERP_LEDGER,Confirmed,True,False,Allocated to 2021-08 LPG invoice.
AL-0165,00010584,2021-09-02,STAT191,7,13012.5,00009891,2021-08-23,2021-08,LPG,1200.01,1200.01,2753.21,SPLIT_PAYMENT_PORTION,ERP_LEDGER,Confirmed,True,False,Allocated to 2021-08 LPG invoice.
AL-0166,00010584,2021-09-02,STAT191,7,13012.5,00009937,2021-08-26,2021-08,LPG,1600.02,1600.02,1153.19,SPLIT_PAYMENT_PORTION,ERP_LEDGER,Confirmed,True,False,Allocated to 2021-08 LPG invoice.
AL-0167,00010584,2021-09-02,STAT191,7,13012.5,00009979,2021-08-30,2021-08,LPG,1153.2,1153.19,0.0,SPLIT_PAYMENT_PORTION,ERP_LEDGER,Confirmed,True,False,Allocated to 2021-08 LPG invoice.
AL-0168,00011068,2021-10-07,STAT192,8,13260.28,00010042,2021-09-03,2021-09,LPG,1599.65,1599.65,11660.63,SPLIT_PAYMENT_PORTION,ERP_LEDGER,Confirmed,True,False,Allocated to 2021-09 LPG invoice.
AL-0169,00011068,2021-10-07,STAT192,8,13260.28,00010103,2021-09-07,2021-09,LPG,1599.65,1199.74,10460.89,SPLIT_PAYMENT_PORTION,ERP_LEDGER,Confirmed,True,False,Allocated to 2021-09 LPG invoice.
AL-0170,00011068,2021-10-07,STAT192,8,13260.28,00010149,2021-09-10,2021-09,LPG,1599.65,1599.65,8861.24,SPLIT_PAYMENT_PORTION,ERP_LEDGER,Confirmed,True,False,Allocated to 2021-09 LPG invoice.
AL-0171,00011068,2021-10-07,STAT192,8,13260.28,00010213,2021-09-16,2021-09,LPG,1599.65,1599.65,7261.59,SPLIT_PAYMENT_PORTION,ERP_LEDGER,Confirmed,True,False,Allocated to 2021-09 LPG invoice.
AL-0172,00011068,2021-10-07,STAT192,8,13260.28,00010268,2021-09-21,2021-09,LPG,2062.73,2062.73,5198.86,SPLIT_PAYMENT_PORTION,ERP_LEDGER,Confirmed,True,False,Allocated to 2021-09 LPG invoice.
AL-0173,00011068,2021-10-07,STAT192,8,13260.28,00010299,2021-09-22,2021-09,LPG,1999.56,1999.56,3199.3,SPLIT_PAYMENT_PORTION,ERP_LEDGER,Confirmed,True,False,Allocated to 2021-09 LPG invoice.
AL-0174,00011068,2021-10-07,STAT192,8,13260.28,00010363,2021-09-27,2021-09,LPG,1199.74,1199.74,1999.56,SPLIT_PAYMENT_PORTION,ERP_LEDGER,Confirmed,True,False,Allocated to 2021-09 LPG invoice.
AL-0175,00011068,2021-10-07,STAT192,8,13260.28,00010409,2021-09-30,2021-09,LPG,1999.56,1999.56,0.0,SPLIT_PAYMENT_PORTION,ERP_LEDGER,Confirmed,True,False,Allocated to 2021-09 LPG invoice.
AL-0176,00011558,2021-11-04,STAT193,9,12929.71,00010581,2021-10-07,2021-10,LPG,2062.73,2062.73,10866.98,SPLIT_PAYMENT_PORTION,ERP_LEDGER,Confirmed,True,False,Allocated to 2021-10 LPG invoice.
AL-0177,00011558,2021-11-04,STAT193,9,12929.71,00010672,2021-10-12,2021-10,LPG,2068.91,2068.91,8798.07,SPLIT_PAYMENT_PORTION,ERP_LEDGER,Confirmed,True,False,Allocated to 2021-10 LPG invoice.
AL-0178,00011558,2021-11-04,STAT193,9,12929.71,00010704,2021-10-15,2021-10,LPG,1599.65,1599.65,7198.42,SPLIT_PAYMENT_PORTION,ERP_LEDGER,Confirmed,True,False,Allocated to 2021-10 LPG invoice.
AL-0179,00011558,2021-11-04,STAT193,9,12929.71,00010737,2021-10-18,2021-10,LPG,1599.65,1599.65,5598.77,SPLIT_PAYMENT_PORTION,ERP_LEDGER,Confirmed,True,False,Allocated to 2021-10 LPG invoice.
AL-0180,00011558,2021-11-04,STAT193,9,12929.71,00011230,2021-10-22,2021-10,LPG,1599.65,1599.65,3999.12,SPLIT_PAYMENT_PORTION,ERP_LEDGER,Confirmed,True,False,Allocated to 2021-10 LPG invoice.
AL-0181,00011558,2021-11-04,STAT193,9,12929.71,00010901,2021-10-26,2021-10,LPG,1999.56,1999.56,1999.56,SPLIT_PAYMENT_PORTION,ERP_LEDGER,Confirmed,True,False,Allocated to 2021-10 LPG invoice.
AL-0182,00011558,2021-11-04,STAT193,9,12929.71,00010979,2021-10-29,2021-10,LPG,1999.56,1999.56,0.0,SPLIT_PAYMENT_PORTION,ERP_LEDGER,Confirmed,True,False,Allocated to 2021-10 LPG invoice.
AL-0183,00012719,2022-01-31,STAT196,12,17018.3,00011039,2021-11-02,2021-11,LPG,1999.56,1999.56,15018.74,SPLIT_PAYMENT_PORTION,ERP_LEDGER,Probable,True,False,Allocated to 2021-11 LPG invoice.
AL-0184,00012719,2022-01-31,STAT196,12,17018.3,00011175,2021-11-10,2021-11,LPG,1385.55,1385.55,13633.19,SPLIT_PAYMENT_PORTION,ERP_LEDGER,Probable,True,False,Allocated to 2021-11 LPG invoice.
AL-0185,00012719,2022-01-31,STAT196,12,17018.3,00011218,2021-11-13,2021-11,LPG,1847.41,1847.41,11785.78,SPLIT_PAYMENT_PORTION,ERP_LEDGER,Probable,True,False,Allocated to 2021-11 LPG invoice.
AL-0186,00012719,2022-01-31,STAT196,12,17018.3,00011278,2021-11-18,2021-11,LPG,2309.26,2309.26,9476.52,SPLIT_PAYMENT_PORTION,ERP_LEDGER,Probable,True,False,Allocated to 2021-11 LPG invoice.
AL-0187,00012719,2022-01-31,STAT196,12,17018.3,00011332,2021-11-22,2021-11,LPG,2309.26,2309.26,7167.26,SPLIT_PAYMENT_PORTION,ERP_LEDGER,Probable,True,False,Allocated to 2021-11 LPG invoice.
AL-0188,00012719,2022-01-31,STAT196,12,17018.3,00011442,2021-11-26,2021-11,LPG,2309.26,2309.26,4858.0,SPLIT_PAYMENT_PORTION,ERP_LEDGER,Probable,True,False,Allocated to 2021-11 LPG invoice.
AL-0189,00012719,2022-01-31,STAT196,12,17018.3,00011497,2021-11-30,2021-11,LPG,4618.52,4618.52,239.48,SPLIT_PAYMENT_PORTION,ERP_LEDGER,Probable,True,False,Allocated to 2021-11 LPG invoice.
AL-0190,00012146,2021-12-20,STAT194,10,12160.3,00011643,2021-12-11,2021-12,LPG,2332.26,2332.26,9828.04,SPLIT_PAYMENT_PORTION,ERP_LEDGER,Probable,True,False,Allocated to 2021-12 LPG invoice.
AL-0191,00012146,2021-12-20,STAT194,10,12160.3,00011686,2021-12-15,2021-12,LPG,2332.26,2332.26,7495.78,SPLIT_PAYMENT_PORTION,ERP_LEDGER,Probable,True,False,Allocated to 2021-12 LPG invoice.
AL-0192,00012146,2021-12-20,STAT194,10,12160.3,00011774,2021-12-22,2021-12,LPG,1414.74,1414.74,6081.04,SPLIT_PAYMENT_PORTION,ERP_LEDGER,Probable,True,False,Allocated to 2021-12 LPG invoice.
AL-0193,00012146,2021-12-20,STAT194,10,12160.3,00011780,2021-12-23,2021-12,LPG,2357.9,2357.9,3723.14,SPLIT_PAYMENT_PORTION,ERP_LEDGER,Probable,True,False,Allocated to 2021-12 LPG invoice.
AL-0194,00012146,2021-12-20,STAT194,10,12160.3,00011818,2021-12-28,2021-12,LPG,2476.64,2476.64,1246.5,SPLIT_PAYMENT_PORTION,ERP_LEDGER,Probable,True,False,Allocated to 2021-12 LPG invoice.
AL-0195,00012146,2021-12-20,STAT194,10,12160.3,00011819,2021-12-28,2021-12,LPG,1485.98,1246.5,0.0,SPLIT_PAYMENT_PORTION,ERP_LEDGER,Probable,True,False,Allocated to 2021-12 LPG invoice.
AL-0196,00013245,2022-03-17,STAT197,1,14982.58,00011859,2022-01-03,2022-01,LPG,2476.58,2476.58,12506.0,SPLIT_PAYMENT_PORTION,ERP_LEDGER,Confirmed,True,False,Allocated to 2022-01 LPG invoice.
AL-0197,00013245,2022-03-17,STAT197,1,14982.58,00011938,2022-01-11,2022-01,LPG,1924.0,1924.0,10582.0,SPLIT_PAYMENT_PORTION,ERP_LEDGER,Confirmed,True,False,Allocated to 2022-01 LPG invoice.
AL-0198,00013245,2022-03-17,STAT197,1,14982.58,00011970,2022-01-14,2022-01,LPG,1924.0,1924.0,8658.0,SPLIT_PAYMENT_PORTION,ERP_LEDGER,Confirmed,True,False,Allocated to 2022-01 LPG invoice.
AL-0199,00013245,2022-03-17,STAT197,1,14982.58,00011995,2022-01-17,2022-01,LPG,1443.0,1443.0,7215.0,SPLIT_PAYMENT_PORTION,ERP_LEDGER,Confirmed,True,False,Allocated to 2022-01 LPG invoice.
AL-0200,00013245,2022-03-17,STAT197,1,14982.58,00012042,2022-01-20,2022-01,LPG,2405.0,2405.0,4810.0,SPLIT_PAYMENT_PORTION,ERP_LEDGER,Confirmed,True,False,Allocated to 2022-01 LPG invoice.
AL-0201,00013245,2022-03-17,STAT197,1,14982.58,00012073,2022-01-26,2022-01,LPG,2405.0,2405.0,2405.0,SPLIT_PAYMENT_PORTION,ERP_LEDGER,Confirmed,True,False,Allocated to 2022-01 LPG invoice.
AL-0202,00013245,2022-03-17,STAT197,1,14982.58,00012088,2022-01-28,2022-01,LPG,2405.0,2405.0,0.0,SPLIT_PAYMENT_PORTION,ERP_LEDGER,Confirmed,True,False,Allocated to 2022-01 LPG invoice.
AL-0203,00013583,2022-04-12,STAT198,2,13949.0,00012120,2022-02-01,2022-02,LPG,1443.0,1443.0,12506.0,SPLIT_PAYMENT_PORTION,ERP_LEDGER,Confirmed,True,False,Allocated to 2022-02 LPG invoice.
AL-0204,00013583,2022-04-12,STAT198,2,13949.0,00012163,2022-02-04,2022-02,LPG,1924.0,1924.0,10582.0,SPLIT_PAYMENT_PORTION,ERP_LEDGER,Confirmed,True,False,Allocated to 2022-02 LPG invoice.
AL-0205,00013583,2022-04-12,STAT198,2,13949.0,00012228,2022-02-10,2022-02,LPG,1924.0,1924.0,8658.0,SPLIT_PAYMENT_PORTION,ERP_LEDGER,Confirmed,True,False,Allocated to 2022-02 LPG invoice.
AL-0206,00013583,2022-04-12,STAT198,2,13949.0,00012285,2022-02-15,2022-02,LPG,2405.0,2405.0,6253.0,SPLIT_PAYMENT_PORTION,ERP_LEDGER,Confirmed,True,False,Allocated to 2022-02 LPG invoice.
AL-0207,00013583,2022-04-12,STAT198,2,13949.0,00012312,2022-02-17,2022-02,LPG,1443.0,1443.0,4810.0,SPLIT_PAYMENT_PORTION,ERP_LEDGER,Confirmed,True,False,Allocated to 2022-02 LPG invoice.
AL-0208,00013583,2022-04-12,STAT198,2,13949.0,00012340,2022-02-21,2022-02,LPG,1924.0,1924.0,2886.0,SPLIT_PAYMENT_PORTION,ERP_LEDGER,Confirmed,True,False,Allocated to 2022-02 LPG invoice.
AL-0209,00013583,2022-04-12,STAT198,2,13949.0,00012387,2022-02-25,2022-02,LPG,1443.0,1443.0,1443.0,SPLIT_PAYMENT_PORTION,ERP_LEDGER,Confirmed,True,False,Allocated to 2022-02 LPG invoice.
AL-0210,00013583,2022-04-12,STAT198,2,13949.0,00012403,2022-02-28,2022-02,LPG,1443.0,1443.0,0.0,SPLIT_PAYMENT_PORTION,ERP_LEDGER,Confirmed,True,False,Allocated to 2022-02 LPG invoice.
AL-0211,00015473,2022-08-11,STAT202,6,14488.95,00012460,2022-03-04,2022-03,LPG,1924.0,1924.0,12564.95,SPLIT_PAYMENT_PORTION,ERP_LEDGER,Probable,True,False,Allocated to 2022-03 LPG invoice.
AL-0212,00015473,2022-08-11,STAT202,6,14488.95,00012501,2022-03-08,2022-03,LPG,1473.01,1473.01,11091.94,SPLIT_PAYMENT_PORTION,ERP_LEDGER,Probable,True,False,Allocated to 2022-03 LPG invoice.
AL-0213,00015473,2022-08-11,STAT202,6,14488.95,00012523,2022-03-10,2022-03,LPG,2008.08,2008.08,9083.86,SPLIT_PAYMENT_PORTION,ERP_LEDGER,Probable,True,False,Allocated to 2022-03 LPG invoice.
AL-0214,00015473,2022-08-11,STAT202,6,14488.95,00012561,2022-03-14,2022-03,LPG,1506.06,1506.06,7577.8,SPLIT_PAYMENT_PORTION,ERP_LEDGER,Probable,True,False,Allocated to 2022-03 LPG invoice.
AL-0215,00015473,2022-08-11,STAT202,6,14488.95,00012621,2022-03-17,2022-03,LPG,1506.06,1506.06,6071.74,SPLIT_PAYMENT_PORTION,ERP_LEDGER,Probable,True,False,Allocated to 2022-03 LPG invoice.
AL-0216,00015473,2022-08-11,STAT202,6,14488.95,00012638,2022-03-22,2022-03,LPG,2510.11,2510.11,3561.63,SPLIT_PAYMENT_PORTION,ERP_LEDGER,Probable,True,False,Allocated to 2022-03 LPG invoice.
AL-0217,00015473,2022-08-11,STAT202,6,14488.95,00012676,2022-03-24,2022-03,LPG,2008.08,2008.08,1553.55,SPLIT_PAYMENT_PORTION,ERP_LEDGER,Probable,True,False,Allocated to 2022-03 LPG invoice.
AL-0218,00015473,2022-08-11,STAT202,6,14488.95,00012718,2022-03-28,2022-03,LPG,2008.08,1553.55,0.0,SPLIT_PAYMENT_PORTION,ERP_LEDGER,Probable,True,False,Allocated to 2022-03 LPG invoice.
AL-0219,00014135,2022-06-01,STAT200,4,18184.64,00012761,2022-04-01,2022-04,LPG,2008.08,2008.08,16176.56,SPLIT_PAYMENT_PORTION,ERP_LEDGER,Confirmed,True,False,Allocated to 2022-04 LPG invoice.
AL-0220,00014135,2022-06-01,STAT200,4,18184.64,00012792,2022-04-04,2022-04,LPG,1506.06,1506.06,14670.5,SPLIT_PAYMENT_PORTION,ERP_LEDGER,Confirmed,True,False,Allocated to 2022-04 LPG invoice.
AL-0221,00014135,2022-06-01,STAT200,4,18184.64,00012843,2022-04-07,2022-04,LPG,2173.73,2173.73,12496.77,SPLIT_PAYMENT_PORTION,ERP_LEDGER,Confirmed,True,False,Allocated to 2022-04 LPG invoice.
AL-0222,00014135,2022-06-01,STAT200,4,18184.64,00012911,2022-04-12,2022-04,LPG,2714.98,2714.98,9781.79,SPLIT_PAYMENT_PORTION,ERP_LEDGER,Confirmed,True,False,Allocated to 2022-04 LPG invoice.
AL-0223,00014135,2022-06-01,STAT200,4,18184.64,00012946,2022-04-13,2022-04,LPG,1630.3,1630.3,8151.49,SPLIT_PAYMENT_PORTION,ERP_LEDGER,Confirmed,True,False,Allocated to 2022-04 LPG invoice.
AL-0224,00014135,2022-06-01,STAT200,4,18184.64,00013011,2022-04-19,2022-04,LPG,1630.3,1630.3,6521.19,SPLIT_PAYMENT_PORTION,ERP_LEDGER,Confirmed,True,False,Allocated to 2022-04 LPG invoice.
AL-0225,00014135,2022-06-01,STAT200,4,18184.64,00013061,2022-04-21,2022-04,LPG,2717.16,2717.16,3804.03,SPLIT_PAYMENT_PORTION,ERP_LEDGER,Confirmed,True,False,Allocated to 2022-04 LPG invoice.
AL-0226,00014135,2022-06-01,STAT200,4,18184.64,00013158,2022-04-28,2022-04,LPG,3804.03,3804.03,0.0,SPLIT_PAYMENT_PORTION,ERP_LEDGER,Confirmed,True,False,Allocated to 2022-04 LPG invoice.
AL-0227,00030269,2024-04-24,STAT:102,2,16151.04,00013822,2022-06-03,2022-06,LPG,2229.07,2229.07,13921.97,SPLIT_PAYMENT_PORTION,ERP_LEDGER,Probable,True,False,Allocated to 2022-06 LPG invoice.
AL-0228,00030269,2024-04-24,STAT:102,2,16151.04,00013877,2022-06-07,2022-06,LPG,2229.07,2229.07,11692.9,SPLIT_PAYMENT_PORTION,ERP_LEDGER,Probable,True,False,Allocated to 2022-06 LPG invoice.
AL-0229,00030269,2024-04-24,STAT:102,2,16151.04,00013937,2022-06-10,2022-06,LPG,1671.8,1671.8,10021.1,SPLIT_PAYMENT_PORTION,ERP_LEDGER,Probable,True,False,Allocated to 2022-06 LPG invoice.
AL-0230,00030269,2024-04-24,STAT:102,2,16151.04,00013968,2022-06-14,2022-06,LPG,1671.8,1671.8,8349.3,SPLIT_PAYMENT_PORTION,ERP_LEDGER,Probable,True,False,Allocated to 2022-06 LPG invoice.
AL-0231,00030269,2024-04-24,STAT:102,2,16151.04,00014049,2022-06-17,2022-06,LPG,2229.07,2229.07,6120.23,SPLIT_PAYMENT_PORTION,ERP_LEDGER,Probable,True,False,Allocated to 2022-06 LPG invoice.
AL-0232,00030269,2024-04-24,STAT:102,2,16151.04,00014116,2022-06-21,2022-06,LPG,2229.07,2229.07,3891.16,SPLIT_PAYMENT_PORTION,ERP_LEDGER,Probable,True,False,Allocated to 2022-06 LPG invoice.
AL-0233,00030269,2024-04-24,STAT:102,2,16151.04,00014788,2022-06-23,2022-06,LPG,1614.81,1614.81,2276.35,SPLIT_PAYMENT_PORTION,ERP_LEDGER,Probable,True,False,Allocated to 2022-06 LPG invoice.
AL-0234,00030269,2024-04-24,STAT:102,2,16151.04,00014341,2022-06-28,2022-06,LPG,2229.07,2229.07,47.28,SPLIT_PAYMENT_PORTION,ERP_LEDGER,Probable,True,False,Allocated to 2022-06 LPG invoice.
AL-0235,00015071,2022-07-26,STAT201,5,17275.67,00014279,2022-07-02,2022-07,LPG,2229.07,2229.07,15046.6,SPLIT_PAYMENT_PORTION,ERP_LEDGER,Probable,True,False,Allocated to 2022-07 LPG invoice.
AL-0236,00015071,2022-07-26,STAT201,5,17275.67,00014353,2022-07-07,2022-07,LPG,4458.14,4458.14,10588.46,SPLIT_PAYMENT_PORTION,ERP_LEDGER,Probable,True,False,Allocated to 2022-07 LPG invoice.
AL-0237,00015071,2022-07-26,STAT201,5,17275.67,00014521,2022-07-14,2022-07,LPG,2691.35,2691.35,7897.11,SPLIT_PAYMENT_PORTION,ERP_LEDGER,Probable,True,False,Allocated to 2022-07 LPG invoice.
AL-0238,00015071,2022-07-26,STAT201,5,17275.67,00014654,2022-07-22,2022-07,LPG,3229.61,3229.61,4667.5,SPLIT_PAYMENT_PORTION,ERP_LEDGER,Probable,True,False,Allocated to 2022-07 LPG invoice.
AL-0239,00015071,2022-07-26,STAT201,5,17275.67,00014744,2022-07-27,2022-07,LPG,4561.12,4561.12,106.38,SPLIT_PAYMENT_PORTION,ERP_LEDGER,Probable,True,False,Allocated to 2022-07 LPG invoice.
AL-0240,00021193,2023-05-31,STAT: 91,3,15409.46,00014916,2022-08-04,2022-08,LPG,3286.61,3286.61,12122.85,SPLIT_PAYMENT_PORTION,ERP_LEDGER,Probable,True,False,Allocated to 2022-08 LPG invoice.
AL-0241,00021193,2023-05-31,STAT: 91,3,15409.46,00014994,2022-08-10,2022-08,LPG,4929.91,4929.91,7192.94,SPLIT_PAYMENT_PORTION,ERP_LEDGER,Probable,True,False,Allocated to 2022-08 LPG invoice.
AL-0242,00021193,2023-05-31,STAT: 91,3,15409.46,00015191,2022-08-19,2022-08,LPG,4382.14,4382.14,2810.8,SPLIT_PAYMENT_PORTION,ERP_LEDGER,Probable,True,False,Allocated to 2022-08 LPG invoice.
AL-0243,00021193,2023-05-31,STAT: 91,3,15409.46,00015343,2022-08-27,2022-08,LPG,3286.61,2738.84,71.96,SPLIT_PAYMENT_PORTION,ERP_LEDGER,Probable,True,False,Allocated to 2022-08 LPG invoice.
AL-0244,00023977,2023-09-05,STAT: 95,7,16964.84,00015423,2022-09-01,2022-09,LPG,2767.68,2767.68,14197.16,SPLIT_PAYMENT_PORTION,ERP_LEDGER,Probable,True,False,Allocated to 2022-09 LPG invoice.
AL-0245,00023977,2023-09-05,STAT: 95,7,16964.84,00015490,2022-09-05,2022-09,LPG,1383.84,1383.84,12813.32,SPLIT_PAYMENT_PORTION,ERP_LEDGER,Probable,True,False,Allocated to 2022-09 LPG invoice.
AL-0246,00023977,2023-09-05,STAT: 95,7,16964.84,00015556,2022-09-09,2022-09,LPG,4151.52,4151.52,8661.8,SPLIT_PAYMENT_PORTION,ERP_LEDGER,Probable,True,False,Allocated to 2022-09 LPG invoice.
AL-0247,00023977,2023-09-05,STAT: 95,7,16964.84,00015623,2022-09-15,2022-09,LPG,4151.52,4151.52,4510.28,SPLIT_PAYMENT_PORTION,ERP_LEDGER,Probable,True,False,Allocated to 2022-09 LPG invoice.
AL-0248,00023977,2023-09-05,STAT: 95,7,16964.84,00015782,2022-09-23,2022-09,LPG,4151.52,4151.52,358.76,SPLIT_PAYMENT_PORTION,ERP_LEDGER,Probable,True,False,Allocated to 2022-09 LPG invoice.
AL-0249,00022711,2023-07-21,STAT: 93,5,15140.69,00015865,2022-10-01,2022-10,LPG,2767.68,2767.68,12373.01,SPLIT_PAYMENT_PORTION,ERP_LEDGER,Probable,True,False,Allocated to 2022-10 LPG invoice.
AL-0250,00022711,2023-07-21,STAT: 93,5,15140.69,00015953,2022-10-07,2022-10,LPG,2767.68,2767.68,9605.33,SPLIT_PAYMENT_PORTION,ERP_LEDGER,Probable,True,False,Allocated to 2022-10 LPG invoice.
AL-0251,00022711,2023-07-21,STAT: 93,5,15140.69,00016019,2022-10-12,2022-10,LPG,2767.68,2767.68,6837.65,SPLIT_PAYMENT_PORTION,ERP_LEDGER,Probable,True,False,Allocated to 2022-10 LPG invoice.
AL-0252,00022711,2023-07-21,STAT: 93,5,15140.69,00016125,2022-10-20,2022-10,LPG,2767.68,2767.68,4069.97,SPLIT_PAYMENT_PORTION,ERP_LEDGER,Probable,True,False,Allocated to 2022-10 LPG invoice.
AL-0253,00022711,2023-07-21,STAT: 93,5,15140.69,00016185,2022-10-26,2022-10,LPG,4151.52,4069.97,0.0,SPLIT_PAYMENT_PORTION,ERP_LEDGER,Probable,True,False,Allocated to 2022-10 LPG invoice.
AL-0254,00030891,2024-05-27,STAT:103,3,11105.31,00016308,2022-11-03,2022-11,LPG,2767.68,2767.68,8337.63,SPLIT_PAYMENT_PORTION,ERP_LEDGER,Probable,True,False,Allocated to 2022-11 LPG invoice.
AL-0255,00030891,2024-05-27,STAT:103,3,11105.31,00016397,2022-11-10,2022-11,LPG,2686.08,2686.08,5651.55,SPLIT_PAYMENT_PORTION,ERP_LEDGER,Probable,True,False,Allocated to 2022-11 LPG invoice.
AL-0256,00030891,2024-05-27,STAT:103,3,11105.31,00016505,2022-11-18,2022-11,LPG,2686.08,2686.08,2965.47,SPLIT_PAYMENT_PORTION,ERP_LEDGER,Probable,True,False,Allocated to 2022-11 LPG invoice.
AL-0257,00030891,2024-05-27,STAT:103,3,11105.31,00016557,2022-11-24,2022-11,LPG,2686.08,2686.08,279.39,SPLIT_PAYMENT_PORTION,ERP_LEDGER,Probable,True,False,Allocated to 2022-11 LPG invoice.
AL-0258,00018185,2023-02-13,STAT208,12,25184.36,00016649,2022-12-01,2022-12,LPG,3217.7,3217.7,21966.66,SPLIT_PAYMENT_PORTION,ERP_LEDGER,Confirmed,True,False,Allocated to 2022-12 LPG invoice.
AL-0259,00018185,2023-02-13,STAT208,12,25184.36,00016723,2022-12-06,2022-12,LPG,5372.16,5372.16,16594.5,SPLIT_PAYMENT_PORTION,ERP_LEDGER,Confirmed,True,False,Allocated to 2022-12 LPG invoice.
AL-0260,00018185,2023-02-13,STAT208,12,25184.36,00016826,2022-12-13,2022-12,LPG,5531.5,5531.5,11063.0,SPLIT_PAYMENT_PORTION,ERP_LEDGER,Confirmed,True,False,Allocated to 2022-12 LPG invoice.
AL-0261,00018185,2023-02-13,STAT208,12,25184.36,00016934,2022-12-19,2022-12,LPG,5531.5,5531.5,5531.5,SPLIT_PAYMENT_PORTION,ERP_LEDGER,Confirmed,True,False,Allocated to 2022-12 LPG invoice.
AL-0262,00018185,2023-02-13,STAT208,12,25184.36,00017014,2022-12-23,2022-12,LPG,2765.75,2765.75,2765.75,SPLIT_PAYMENT_PORTION,ERP_LEDGER,Confirmed,True,False,Allocated to 2022-12 LPG invoice.
AL-0263,00018185,2023-02-13,STAT208,12,25184.36,00017132,2022-12-31,2022-12,LPG,2765.75,2765.75,0.0,SPLIT_PAYMENT_PORTION,ERP_LEDGER,Confirmed,True,False,Allocated to 2022-12 LPG invoice.
AL-0264,00019176,2023-03-22,STAT: 89,1,11335.68,00017191,2023-01-06,2023-01,LPG,2833.92,2833.92,8501.76,SPLIT_PAYMENT_PORTION,ERP_LEDGER,Confirmed,True,False,Allocated to 2023-01 LPG invoice.
AL-0265,00019176,2023-03-22,STAT: 89,1,11335.68,00017256,2023-01-12,2023-01,LPG,2833.92,2833.92,5667.84,SPLIT_PAYMENT_PORTION,ERP_LEDGER,Confirmed,True,False,Allocated to 2023-01 LPG invoice.
AL-0266,00019176,2023-03-22,STAT: 89,1,11335.68,00017357,2023-01-23,2023-01,LPG,1416.96,1416.96,4250.88,SPLIT_PAYMENT_PORTION,ERP_LEDGER,Confirmed,True,False,Allocated to 2023-01 LPG invoice.
AL-0267,00019176,2023-03-22,STAT: 89,1,11335.68,00017369,2023-01-24,2023-01,LPG,4250.88,4250.88,0.0,SPLIT_PAYMENT_PORTION,ERP_LEDGER,Confirmed,True,False,Allocated to 2023-01 LPG invoice.
AL-0268,00020357,2023-05-02,STAT: 91,3,12343.07,00017458,2023-02-03,2023-02,LPG,2833.92,2833.92,9509.15,SPLIT_PAYMENT_PORTION,ERP_LEDGER,Confirmed,True,False,Allocated to 2023-02 LPG invoice.
AL-0269,00020357,2023-05-02,STAT: 91,3,12343.07,00017581,2023-02-11,2023-02,LPG,5433.8,5433.8,4075.35,SPLIT_PAYMENT_PORTION,ERP_LEDGER,Confirmed,True,False,Allocated to 2023-02 LPG invoice.
AL-0270,00020357,2023-05-02,STAT: 91,3,12343.07,00017769,2023-02-23,2023-02,LPG,4075.35,4075.35,0.0,SPLIT_PAYMENT_PORTION,ERP_LEDGER,Confirmed,True,False,Allocated to 2023-02 LPG invoice.
AL-0271,00038481,2025-05-05,STAT:115,3,15816.63,00018062,2023-03-02,2023-03,LPG,6305.48,6305.48,9511.15,SPLIT_PAYMENT_PORTION,ERP_LEDGER,Probable,True,False,Allocated to 2023-03 LPG invoice.
AL-0272,00038481,2025-05-05,STAT:115,3,15816.63,00018299,2023-03-08,2023-03,LPG,2801.72,2801.72,6709.43,SPLIT_PAYMENT_PORTION,ERP_LEDGER,Probable,True,False,Allocated to 2023-03 LPG invoice.
AL-0273,00038481,2025-05-05,STAT:115,3,15816.63,00018507,2023-03-16,2023-03,LPG,2801.72,2801.72,3907.71,SPLIT_PAYMENT_PORTION,ERP_LEDGER,Probable,True,False,Allocated to 2023-03 LPG invoice.
AL-0274,00038481,2025-05-05,STAT:115,3,15816.63,00018695,2023-03-23,2023-03,LPG,4202.58,3907.71,0.0,SPLIT_PAYMENT_PORTION,ERP_LEDGER,Probable,True,False,Allocated to 2023-03 LPG invoice.
AL-0275,00031792,2024-07-09,STAT:105,7,15395.18,00019153,2023-04-06,2023-04,LPG,5603.44,5603.44,9791.74,SPLIT_PAYMENT_PORTION,ERP_LEDGER,Probable,True,False,Allocated to 2023-04 LPG invoice.
AL-0276,00031792,2024-07-09,STAT:105,7,15395.18,00019347,2023-04-14,2023-04,LPG,2724.93,2724.93,7066.81,SPLIT_PAYMENT_PORTION,ERP_LEDGER,Probable,True,False,Allocated to 2023-04 LPG invoice.
AL-0277,00031792,2024-07-09,STAT:105,7,15395.18,00019494,2023-04-20,2023-04,LPG,2724.93,2724.93,4341.88,SPLIT_PAYMENT_PORTION,ERP_LEDGER,Probable,True,False,Allocated to 2023-04 LPG invoice.
AL-0278,00031792,2024-07-09,STAT:105,7,15395.18,00019697,2023-04-26,2023-04,LPG,4087.39,4087.39,254.49,SPLIT_PAYMENT_PORTION,ERP_LEDGER,Probable,True,False,Allocated to 2023-04 LPG invoice.
AL-0279,00017073,2022-11-24,STAT205,9,13838.4,00019924,2023-05-04,2023-05,LPG,4087.39,4087.39,9751.01,SPLIT_PAYMENT_PORTION,ERP_LEDGER,Probable,True,False,Allocated to 2023-05 LPG invoice.
AL-0280,00017073,2022-11-24,STAT205,9,13838.4,00020117,2023-05-10,2023-05,LPG,3561.12,3561.12,6189.89,SPLIT_PAYMENT_PORTION,ERP_LEDGER,Probable,True,False,Allocated to 2023-05 LPG invoice.
AL-0281,00017073,2022-11-24,STAT205,9,13838.4,00020356,2023-05-18,2023-05,LPG,3561.12,3561.12,2628.77,SPLIT_PAYMENT_PORTION,ERP_LEDGER,Probable,True,False,Allocated to 2023-05 LPG invoice.
AL-0282,00017073,2022-11-24,STAT205,9,13838.4,00020630,2023-05-25,2023-05,LPG,2597.14,2597.14,31.63,SPLIT_PAYMENT_PORTION,ERP_LEDGER,Probable,True,False,Allocated to 2023-05 LPG invoice.
AL-0283,00015987,2022-09-10,STAT203,7,17169.29,00020864,2023-06-01,2023-06,LPG,3561.78,3561.78,13607.51,SPLIT_PAYMENT_PORTION,ERP_LEDGER,Probable,True,False,Allocated to 2023-06 LPG invoice.
AL-0284,00015987,2022-09-10,STAT203,7,17169.29,00021098,2023-06-08,2023-06,LPG,2436.92,2436.92,11170.59,SPLIT_PAYMENT_PORTION,ERP_LEDGER,Probable,True,False,Allocated to 2023-06 LPG invoice.
AL-0285,00015987,2022-09-10,STAT203,7,17169.29,00021341,2023-06-15,2023-06,LPG,3655.38,3655.38,7515.21,SPLIT_PAYMENT_PORTION,ERP_LEDGER,Probable,True,False,Allocated to 2023-06 LPG invoice.
AL-0286,00015987,2022-09-10,STAT203,7,17169.29,00021561,2023-06-22,2023-06,LPG,3655.38,3655.38,3859.83,SPLIT_PAYMENT_PORTION,ERP_LEDGER,Probable,True,False,Allocated to 2023-06 LPG invoice.
AL-0287,00015987,2022-09-10,STAT203,7,17169.29,00021756,2023-06-28,2023-06,LPG,3655.38,3655.38,204.45,SPLIT_PAYMENT_PORTION,ERP_LEDGER,Probable,True,False,Allocated to 2023-06 LPG invoice.
AL-0288,00023280,2023-08-11,STAT: 94,6,13806.77,00022050,2023-07-06,2023-07,LPG,3655.38,3655.38,10151.39,SPLIT_PAYMENT_PORTION,ERP_LEDGER,Probable,True,False,Allocated to 2023-07 LPG invoice.
AL-0289,00023280,2023-08-11,STAT: 94,6,13806.77,00022337,2023-07-13,2023-07,LPG,3281.74,3281.74,6869.65,SPLIT_PAYMENT_PORTION,ERP_LEDGER,Probable,True,False,Allocated to 2023-07 LPG invoice.
AL-0290,00023280,2023-08-11,STAT: 94,6,13806.77,00022566,2023-07-20,2023-07,LPG,3281.74,3281.74,3587.91,SPLIT_PAYMENT_PORTION,ERP_LEDGER,Probable,True,False,Allocated to 2023-07 LPG invoice.
AL-0291,00023280,2023-08-11,STAT: 94,6,13806.77,00022604,2023-07-20,2023-07,LPG,410.94,410.94,3176.97,SPLIT_PAYMENT_PORTION,ERP_LEDGER,Probable,True,False,Allocated to 2023-07 LPG invoice.
AL-0292,00023280,2023-08-11,STAT: 94,6,13806.77,00022842,2023-07-27,2023-07,LPG,3281.74,3176.97,0.0,SPLIT_PAYMENT_PORTION,ERP_LEDGER,Probable,True,False,Allocated to 2023-07 LPG invoice.
AL-0293,00026601,2023-11-29,STAT: 97,9,12520.81,00023098,2023-08-03,2023-08,LPG,3280.33,3280.33,9240.48,SPLIT_PAYMENT_PORTION,ERP_LEDGER,Confirmed,True,False,Allocated to 2023-08 LPG invoice.
AL-0294,00026601,2023-11-29,STAT: 97,9,12520.81,00023278,2023-08-10,2023-08,LPG,3080.16,3080.16,6160.32,SPLIT_PAYMENT_PORTION,ERP_LEDGER,Confirmed,True,False,Allocated to 2023-08 LPG invoice.
AL-0295,00026601,2023-11-29,STAT: 97,9,12520.81,00023545,2023-08-17,2023-08,LPG,3080.16,3080.16,3080.16,SPLIT_PAYMENT_PORTION,ERP_LEDGER,Confirmed,True,False,Allocated to 2023-08 LPG invoice.
AL-0296,00026601,2023-11-29,STAT: 97,9,12520.81,00023732,2023-08-24,2023-08,LPG,3080.16,3080.16,0.0,SPLIT_PAYMENT_PORTION,ERP_LEDGER,Confirmed,True,False,Allocated to 2023-08 LPG invoice.
AL-0297,00025394,2023-10-24,STAT: 96,8,13911.54,00025154,2023-10-05,2023-10,LPG,2460.3,2460.3,11451.24,SPLIT_PAYMENT_PORTION,ERP_LEDGER,Probable,True,False,Allocated to 2023-10 LPG invoice.
AL-0298,00025394,2023-10-24,STAT: 96,8,13911.54,00025251,2023-10-07,2023-10,LPG,1230.16,1230.16,10221.08,SPLIT_PAYMENT_PORTION,ERP_LEDGER,Probable,True,False,Allocated to 2023-10 LPG invoice.
AL-0299,00025394,2023-10-24,STAT: 96,8,13911.54,00025475,2023-10-14,2023-10,LPG,2459.52,2459.52,7761.56,SPLIT_PAYMENT_PORTION,ERP_LEDGER,Probable,True,False,Allocated to 2023-10 LPG invoice.
AL-0300,00025394,2023-10-24,STAT: 96,8,13911.54,00025616,2023-10-19,2023-10,LPG,3689.28,3689.28,4072.28,SPLIT_PAYMENT_PORTION,ERP_LEDGER,Probable,True,False,Allocated to 2023-10 LPG invoice.
AL-0301,00025394,2023-10-24,STAT: 96,8,13911.54,00025852,2023-10-26,2023-10,LPG,3689.28,3689.28,383.0,SPLIT_PAYMENT_PORTION,ERP_LEDGER,Probable,True,False,Allocated to 2023-10 LPG invoice.
AL-0302,00040063,2025-07-14,STAT:117,5,11795.24,00026141,2023-11-02,2023-11,LPG,3875.04,3875.04,7920.2,SPLIT_PAYMENT_PORTION,ERP_LEDGER,Probable,True,False,Allocated to 2023-11 LPG invoice.
AL-0303,00040063,2025-07-14,STAT:117,5,11795.24,00026403,2023-11-09,2023-11,LPG,3875.04,3875.04,4045.16,SPLIT_PAYMENT_PORTION,ERP_LEDGER,Probable,True,False,Allocated to 2023-11 LPG invoice.
AL-0304,00040063,2025-07-14,STAT:117,5,11795.24,00026892,2023-11-23,2023-11,LPG,3875.04,3875.04,170.12,SPLIT_PAYMENT_PORTION,ERP_LEDGER,Probable,True,False,Allocated to 2023-11 LPG invoice.
AL-0305,00035270,2024-12-04,STAT:110,10,18441.12,00027132,2023-12-01,2023-12,LPG,2583.36,2583.36,15857.76,SPLIT_PAYMENT_PORTION,ERP_LEDGER,Probable,True,False,Allocated to 2023-12 LPG invoice.
AL-0306,00035270,2024-12-04,STAT:110,10,18441.12,00027384,2023-12-07,2023-12,LPG,4037.76,4037.76,11820.0,SPLIT_PAYMENT_PORTION,ERP_LEDGER,Probable,True,False,Allocated to 2023-12 LPG invoice.
AL-0307,00035270,2024-12-04,STAT:110,10,18441.12,00027641,2023-12-14,2023-12,LPG,4037.78,4037.78,7782.22,SPLIT_PAYMENT_PORTION,ERP_LEDGER,Probable,True,False,Allocated to 2023-12 LPG invoice.
AL-0308,00035270,2024-12-04,STAT:110,10,18441.12,00027897,2023-12-21,2023-12,LPG,4037.78,4037.78,3744.44,SPLIT_PAYMENT_PORTION,ERP_LEDGER,Probable,True,False,Allocated to 2023-12 LPG invoice.
AL-0309,00035270,2024-12-04,STAT:110,10,18441.12,00028140,2023-12-29,2023-12,LPG,4037.78,3744.44,0.0,SPLIT_PAYMENT_PORTION,ERP_LEDGER,Probable,True,False,Allocated to 2023-12 LPG invoice.
AL-0310,00028893,2024-02-20,STAT:100,12,14208.48,00029161,2024-02-01,2024-02,LPG,4121.47,4121.47,10087.01,SPLIT_PAYMENT_PORTION,ERP_LEDGER,Probable,True,False,Allocated to 2024-02 LPG invoice.
AL-0311,00028893,2024-02-20,STAT:100,12,14208.48,00029384,2024-02-08,2024-02,LPG,4174.74,4174.74,5912.27,SPLIT_PAYMENT_PORTION,ERP_LEDGER,Probable,True,False,Allocated to 2024-02 LPG invoice.
AL-0312,00028893,2024-02-20,STAT:100,12,14208.48,00029584,2024-02-15,2024-02,LPG,2783.16,2783.16,3129.11,SPLIT_PAYMENT_PORTION,ERP_LEDGER,Probable,True,False,Allocated to 2024-02 LPG invoice.
AL-0313,00028893,2024-02-20,STAT:100,12,14208.48,00029763,2024-02-22,2024-02,LPG,2783.16,2783.16,345.95,SPLIT_PAYMENT_PORTION,ERP_LEDGER,Probable,True,False,Allocated to 2024-02 LPG invoice.
AL-0314,00043199,2026-02-05,STAT 123,12,15578.23,00030008,2024-03-01,2024-03,LPG,2783.05,2783.05,12795.18,SPLIT_PAYMENT_PORTION,ERP_LEDGER,Probable,True,False,Allocated to 2024-03 LPG invoice.
AL-0315,00043199,2026-02-05,STAT 123,12,15578.23,00030147,2024-03-05,2024-03,LPG,4169.5,4169.5,8625.68,SPLIT_PAYMENT_PORTION,ERP_LEDGER,Probable,True,False,Allocated to 2024-03 LPG invoice.
AL-0316,00043199,2026-02-05,STAT 123,12,15578.23,00030414,2024-03-15,2024-03,LPG,2814.21,2814.21,5811.47,SPLIT_PAYMENT_PORTION,ERP_LEDGER,Probable,True,False,Allocated to 2024-03 LPG invoice.
AL-0317,00043199,2026-02-05,STAT 123,12,15578.23,00030537,2024-03-19,2024-03,LPG,2814.21,2814.21,2997.26,SPLIT_PAYMENT_PORTION,ERP_LEDGER,Probable,True,False,Allocated to 2024-03 LPG invoice.
AL-0318,00043199,2026-02-05,STAT 123,12,15578.23,00030806,2024-03-28,2024-03,LPG,2814.21,2814.21,183.05,SPLIT_PAYMENT_PORTION,ERP_LEDGER,Probable,True,False,Allocated to 2024-03 LPG invoice.
AL-0319,00017578,2022-12-19,STAT206,10,17989.92,00031801,2024-05-02,2024-05,LPG,4213.14,4213.14,13776.78,SPLIT_PAYMENT_PORTION,ERP_LEDGER,Probable,True,False,Allocated to 2024-05 LPG invoice.
AL-0320,00017578,2022-12-19,STAT206,10,17989.92,00031997,2024-05-09,2024-05,LPG,4213.14,4213.14,9563.64,SPLIT_PAYMENT_PORTION,ERP_LEDGER,Probable,True,False,Allocated to 2024-05 LPG invoice.
AL-0321,00017578,2022-12-19,STAT206,10,17989.92,00032219,2024-05-17,2024-05,LPG,2808.76,2808.76,6754.88,SPLIT_PAYMENT_PORTION,ERP_LEDGER,Probable,True,False,Allocated to 2024-05 LPG invoice.
AL-0322,00017578,2022-12-19,STAT206,10,17989.92,00032409,2024-05-24,2024-05,LPG,2808.76,2808.76,3946.12,SPLIT_PAYMENT_PORTION,ERP_LEDGER,Probable,True,False,Allocated to 2024-05 LPG invoice.
AL-0323,00017578,2022-12-19,STAT206,10,17989.92,00032531,2024-05-28,2024-05,LPG,2808.76,2808.76,1137.36,SPLIT_PAYMENT_PORTION,ERP_LEDGER,Probable,True,False,Allocated to 2024-05 LPG invoice.
AL-0324,00017578,2022-12-19,STAT206,10,17989.92,00032614,2024-05-31,2024-05,LPG,1404.38,1137.36,0.0,SPLIT_PAYMENT_PORTION,ERP_LEDGER,Probable,True,False,Allocated to 2024-05 LPG invoice.
AL-0325,00031179,2024-06-10,STAT:104,4,13862.03,00037020,2024-10-05,2024-10,LPG,2753.48,2753.48,11108.55,SPLIT_PAYMENT_PORTION,ERP_LEDGER,Probable,True,False,Allocated to 2024-10 LPG invoice.
AL-0326,00031179,2024-06-10,STAT:104,4,13862.03,00037216,2024-10-11,2024-10,LPG,2753.49,2753.49,8355.06,SPLIT_PAYMENT_PORTION,ERP_LEDGER,Probable,True,False,Allocated to 2024-10 LPG invoice.
AL-0327,00031179,2024-06-10,STAT:104,4,13862.03,00037363,2024-10-17,2024-10,LPG,2753.49,2753.49,5601.57,SPLIT_PAYMENT_PORTION,ERP_LEDGER,Probable,True,False,Allocated to 2024-10 LPG invoice.
AL-0328,00031179,2024-06-10,STAT:104,4,13862.03,00037619,2024-10-25,2024-10,LPG,3011.63,3011.63,2589.94,SPLIT_PAYMENT_PORTION,ERP_LEDGER,Probable,True,False,Allocated to 2024-10 LPG invoice.
AL-0329,00031179,2024-06-10,STAT:104,4,13862.03,00037799,2024-10-31,2024-10,LPG,2753.49,2589.94,0.0,SPLIT_PAYMENT_PORTION,ERP_LEDGER,Probable,True,False,Allocated to 2024-10 LPG invoice.
AL-0330,00032896,2024-08-23,STAT:106,8,17634.86,00039558,2025-01-02,2025-01,LPG,2950.74,2950.74,14684.12,SPLIT_PAYMENT_PORTION,ERP_LEDGER,Probable,True,False,Allocated to 2025-01 LPG invoice.
AL-0331,00032896,2024-08-23,STAT:106,8,17634.86,00039714,2025-01-09,2025-01,LPG,4387.23,4387.23,10296.89,SPLIT_PAYMENT_PORTION,ERP_LEDGER,Probable,True,False,Allocated to 2025-01 LPG invoice.
AL-0332,00032896,2024-08-23,STAT:106,8,17634.86,00039898,2025-01-15,2025-01,LPG,4387.23,4387.23,5909.66,SPLIT_PAYMENT_PORTION,ERP_LEDGER,Probable,True,False,Allocated to 2025-01 LPG invoice.
AL-0333,00032896,2024-08-23,STAT:106,8,17634.86,00040143,2025-01-24,2025-01,LPG,2924.82,2924.82,2984.84,SPLIT_PAYMENT_PORTION,ERP_LEDGER,Probable,True,False,Allocated to 2025-01 LPG invoice.
AL-0334,00032896,2024-08-23,STAT:106,8,17634.86,00040319,2025-01-31,2025-01,LPG,2924.82,2924.82,60.02,SPLIT_PAYMENT_PORTION,ERP_LEDGER,Probable,True,False,Allocated to 2025-01 LPG invoice.
AL-0335,00040746,2025-08-22,STAT 117,6,14579.44,00043628,2025-06-05,2025-06,LPG,4382.95,4382.95,10196.49,SPLIT_PAYMENT_PORTION,ERP_LEDGER,Probable,True,False,Allocated to 2025-06 LPG invoice.
AL-0336,00040746,2025-08-22,STAT 117,6,14579.44,00043910,2025-06-13,2025-06,LPG,3115.05,3115.05,7081.44,SPLIT_PAYMENT_PORTION,ERP_LEDGER,Probable,True,False,Allocated to 2025-06 LPG invoice.
AL-0337,00040746,2025-08-22,STAT 117,6,14579.44,00044097,2025-06-20,2025-06,LPG,4272.07,4272.07,2809.37,SPLIT_PAYMENT_PORTION,ERP_LEDGER,Probable,True,False,Allocated to 2025-06 LPG invoice.
AL-0338,00040746,2025-08-22,STAT 117,6,14579.44,00044241,2025-06-26,2025-06,LPG,2848.04,2809.37,0.0,SPLIT_PAYMENT_PORTION,ERP_LEDGER,Probable,True,False,Allocated to 2025-06 LPG invoice.
AL-0339,00041664,2025-10-14,STAT 119,8,16601.81,00045323,2025-08-01,2025-08,LPG,4200.69,4200.69,12401.12,SPLIT_PAYMENT_PORTION,ERP_LEDGER,Confirmed,True,False,Allocated to 2025-08 LPG invoice.
AL-0340,00041664,2025-10-14,STAT 119,8,16601.81,00045498,2025-08-08,2025-08,LPG,2800.46,2800.46,9600.66,SPLIT_PAYMENT_PORTION,ERP_LEDGER,Confirmed,True,False,Allocated to 2025-08 LPG invoice.
AL-0341,00041664,2025-10-14,STAT 119,8,16601.81,00045671,2025-08-15,2025-08,LPG,4114.57,4114.57,5486.09,SPLIT_PAYMENT_PORTION,ERP_LEDGER,Confirmed,True,False,Allocated to 2025-08 LPG invoice.
AL-0342,00041664,2025-10-14,STAT 119,8,16601.81,00045831,2025-08-22,2025-08,LPG,4114.57,4114.57,1371.52,SPLIT_PAYMENT_PORTION,ERP_LEDGER,Confirmed,True,False,Allocated to 2025-08 LPG invoice.
AL-0343,00041664,2025-10-14,STAT 119,8,16601.81,00045992,2025-08-29,2025-08,LPG,1371.53,1371.52,0.0,SPLIT_PAYMENT_PORTION,ERP_LEDGER,Confirmed,True,False,Allocated to 2025-08 LPG invoice.
AL-0344,00042134,2025-11-06,STAT 120,9,13327.87,00046124,2025-09-04,2025-09,LPG,4114.57,4114.57,9213.3,SPLIT_PAYMENT_PORTION,ERP_LEDGER,Confirmed,True,False,Allocated to 2025-09 LPG invoice.
AL-0345,00042134,2025-11-06,STAT 120,9,13327.87,00046308,2025-09-11,2025-09,LPG,3948.56,3948.56,5264.74,SPLIT_PAYMENT_PORTION,ERP_LEDGER,Confirmed,True,False,Allocated to 2025-09 LPG invoice.
AL-0346,00042134,2025-11-06,STAT 120,9,13327.87,00046525,2025-09-19,2025-09,LPG,2632.37,2632.37,2632.37,SPLIT_PAYMENT_PORTION,ERP_LEDGER,Confirmed,True,False,Allocated to 2025-09 LPG invoice.
AL-0347,00042134,2025-11-06,STAT 120,9,13327.87,00046686,2025-09-26,2025-09,LPG,2632.37,2632.37,0.0,SPLIT_PAYMENT_PORTION,ERP_LEDGER,Confirmed,True,False,Allocated to 2025-09 LPG invoice.
AL-0348,00042788,2025-12-29,STAT 121,10,13161.86,00046859,2025-10-03,2025-10,LPG,3948.56,3948.56,9213.3,SPLIT_PAYMENT_PORTION,ERP_LEDGER,Confirmed,True,False,Allocated to 2025-10 LPG invoice.
AL-0349,00042788,2025-12-29,STAT 121,10,13161.86,00046990,2025-10-09,2025-10,LPG,3948.56,3948.56,5264.74,SPLIT_PAYMENT_PORTION,ERP_LEDGER,Confirmed,True,False,Allocated to 2025-10 LPG invoice.
AL-0350,00042788,2025-12-29,STAT 121,10,13161.86,00047148,2025-10-17,2025-10,LPG,2632.37,2632.37,2632.37,SPLIT_PAYMENT_PORTION,ERP_LEDGER,Confirmed,True,False,Allocated to 2025-10 LPG invoice.
AL-0351,00042788,2025-12-29,STAT 121,10,13161.86,00047292,2025-10-24,2025-10,LPG,2632.37,2632.37,0.0,SPLIT_PAYMENT_PORTION,ERP_LEDGER,Confirmed,True,False,Allocated to 2025-10 LPG invoice.
AL-0352,00004832,2018-12-18,EASYREC,10,3750.0,,,,,0.0,3750.0,3750.0,UNALLOCATED_PORTION,ERP_LEDGER,Exception,False,False,Leftover payment cash not consumed by LPG invoices.
AL-0353,00004839,2018-12-29,EASYREC,10,4250.0,,,,,0.0,4250.0,4250.0,UNALLOCATED_PORTION,ERP_LEDGER,Exception,False,False,Leftover payment cash not consumed by LPG invoices.
AL-0354,00004807,2019-01-05,T3000210,11,700.01,,,,,0.0,700.01,700.01,UNALLOCATED_PORTION,ERP_LEDGER,Exception,False,False,Leftover payment cash not consumed by LPG invoices.
AL-0355,00004841,2019-01-10,T3000214,11,700.01,,,,,0.0,700.01,700.01,UNALLOCATED_PORTION,ERP_LEDGER,Exception,False,False,Leftover payment cash not consumed by LPG invoices.
AL-0356,00004904,2019-01-21,EASYREC,11,7000.0,,,,,0.0,443.32,443.32,UNALLOCATED_PORTION,ERP_LEDGER,Exception,False,False,Leftover payment cash not consumed by LPG invoices.
AL-0357,00005043,2019-02-07,EASYREC,12,4870.0,,,,,0.0,4870.0,4870.0,UNALLOCATED_PORTION,ERP_LEDGER,Exception,False,False,Leftover payment cash not consumed by LPG invoices.
AL-0358,00005047,2019-02-19,EASYREC,12,6827.39,,,,,0.0,6827.39,6827.39,UNALLOCATED_PORTION,ERP_LEDGER,Exception,False,False,Leftover payment cash not consumed by LPG invoices.
AL-0359,00005436,2019-05-06,STAT 163,3,13505.0,,,,,0.0,0.14,0.14,UNALLOCATED_PORTION,ERP_LEDGER,Exception,False,False,Leftover payment cash not consumed by LPG invoices.
AL-0360,00005226,2019-07-08,STAT 161,1,3000.0,,,,,0.0,3000.0,3000.0,UNALLOCATED_PORTION,ERP_LEDGER,Exception,False,False,Leftover payment cash not consumed by LPG invoices.
AL-0361,00006104,2019-10-21,STAT168,8,13875.0,,,,,0.0,0.02,0.02,UNALLOCATED_PORTION,ERP_LEDGER,Exception,False,False,Leftover payment cash not consumed by LPG invoices.
AL-0362,00006316,2019-12-09,STAT170,10,10875.0,,,,,0.0,0.04,0.04,UNALLOCATED_PORTION,ERP_LEDGER,Exception,False,False,Leftover payment cash not consumed by LPG invoices.
AL-0363,00006381,2019-12-24,STAT170,10,930.0,,,,,0.0,930.0,930.0,UNALLOCATED_PORTION,ERP_LEDGER,Exception,False,False,Leftover payment cash not consumed by LPG invoices.
AL-0364,00006376,2019-12-27,STAT170,10,12915.0,,,,,0.0,0.07,0.07,UNALLOCATED_PORTION,ERP_LEDGER,Exception,False,False,Leftover payment cash not consumed by LPG invoices.
AL-0365,00007216,2020-06-04,JUNE1,4,3250.0,,,,,0.0,3250.0,3250.0,UNALLOCATED_PORTION,ERP_LEDGER,Exception,False,False,Leftover payment cash not consumed by LPG invoices.
AL-0366,00007226,2020-06-29,JUNE1,4,5000.0,,,,,0.0,5000.0,5000.0,UNALLOCATED_PORTION,ERP_LEDGER,Exception,False,False,Leftover payment cash not consumed by LPG invoices.
AL-0367,00007348,2020-08-04,STAT178,6,3000.0,,,,,0.0,3000.0,3000.0,UNALLOCATED_PORTION,ERP_LEDGER,Exception,False,False,Leftover payment cash not consumed by LPG invoices.
AL-0368,00007489,2020-09-04,STAT179,7,5000.0,,,,,0.0,5000.0,5000.0,UNALLOCATED_PORTION,ERP_LEDGER,Exception,False,False,Leftover payment cash not consumed by LPG invoices.
AL-0369,00007572,2020-11-05,STAT181,9,5125.0,,,,,0.0,5125.0,5125.0,UNALLOCATED_PORTION,ERP_LEDGER,Exception,False,False,Leftover payment cash not consumed by LPG invoices.
AL-0370,00009996,2021-07-01,STAT189,5,11292.11,,,,,0.0,42.08,42.08,UNALLOCATED_PORTION,ERP_LEDGER,Exception,False,False,Leftover payment cash not consumed by LPG invoices.
AL-0371,00010226,2021-08-05,STAT190,6,9079.94,,,,,0.0,9079.94,9079.94,UNALLOCATED_PORTION,ERP_LEDGER,Exception,False,False,Leftover payment cash not consumed by LPG invoices.
AL-0372,00012719,2022-01-31,STAT196,12,17018.3,,,,,0.0,239.48,239.48,UNALLOCATED_PORTION,ERP_LEDGER,Exception,False,False,Leftover payment cash not consumed by LPG invoices.
AL-0373,00015071,2022-07-26,STAT201,5,17275.67,,,,,0.0,106.38,106.38,UNALLOCATED_PORTION,ERP_LEDGER,Exception,False,False,Leftover payment cash not consumed by LPG invoices.
AL-0374,00015987,2022-09-10,STAT203,7,17169.29,,,,,0.0,204.45,204.45,UNALLOCATED_PORTION,ERP_LEDGER,Exception,False,False,Leftover payment cash not consumed by LPG invoices.
AL-0375,00017073,2022-11-24,STAT205,9,13838.4,,,,,0.0,31.63,31.63,UNALLOCATED_PORTION,ERP_LEDGER,Exception,False,False,Leftover payment cash not consumed by LPG invoices.
AL-0376,00021193,2023-05-31,STAT: 91,3,15409.46,,,,,0.0,71.96,71.96,UNALLOCATED_PORTION,ERP_LEDGER,Exception,False,False,Leftover payment cash not consumed by LPG invoices.
AL-0377,00023977,2023-09-05,STAT: 95,7,16964.84,,,,,0.0,358.76,358.76,UNALLOCATED_PORTION,ERP_LEDGER,Exception,False,False,Leftover payment cash not consumed by LPG invoices.
AL-0378,00025394,2023-10-24,STAT: 96,8,13911.54,,,,,0.0,383.0,383.0,UNALLOCATED_PORTION,ERP_LEDGER,Exception,False,False,Leftover payment cash not consumed by LPG invoices.
AL-0379,00027468,2023-12-29,STAT: 98,10,24801.28,,,,,0.0,24801.28,24801.28,UNALLOCATED_PORTION,ERP_LEDGER,Exception,False,False,Leftover payment cash not consumed by LPG invoices.
AL-0380,00028893,2024-02-20,STAT:100,12,14208.48,,,,,0.0,345.95,345.95,UNALLOCATED_PORTION,ERP_LEDGER,Exception,False,False,Leftover payment cash not consumed by LPG invoices.
AL-0381,00030269,2024-04-24,STAT:102,2,16151.04,,,,,0.0,47.28,47.28,UNALLOCATED_PORTION,ERP_LEDGER,Exception,False,False,Leftover payment cash not consumed by LPG invoices.
AL-0382,00030891,2024-05-27,STAT:103,3,11105.31,,,,,0.0,279.39,279.39,UNALLOCATED_PORTION,ERP_LEDGER,Exception,False,False,Leftover payment cash not consumed by LPG invoices.
AL-0383,00031792,2024-07-09,STAT:105,7,15395.18,,,,,0.0,254.49,254.49,UNALLOCATED_PORTION,ERP_LEDGER,Exception,False,False,Leftover payment cash not consumed by LPG invoices.
AL-0384,00032896,2024-08-23,STAT:106,8,17634.86,,,,,0.0,60.02,60.02,UNALLOCATED_PORTION,ERP_LEDGER,Exception,False,False,Leftover payment cash not consumed by LPG invoices.
AL-0385,00033810,2024-09-30,STAT:107,7,20232.18,,,,,0.0,20232.18,20232.18,UNALLOCATED_PORTION,ERP_LEDGER,Exception,False,False,Leftover payment cash not consumed by LPG invoices.
AL-0386,00034425,2024-10-28,STAT:108,8,20443.0,,,,,0.0,20443.0,20443.0,UNALLOCATED_PORTION,ERP_LEDGER,Exception,False,False,Leftover payment cash not consumed by LPG invoices.
AL-0387,00036139,2025-01-17,STAT:111,11,22336.89,,,,,0.0,22336.89,22336.89,UNALLOCATED_PORTION,ERP_LEDGER,Exception,False,False,Leftover payment cash not consumed by LPG invoices.
AL-0388,00036988,2025-02-21,STAT:112,11,19550.42,,,,,0.0,19550.42,19550.42,UNALLOCATED_PORTION,ERP_LEDGER,Exception,False,False,Leftover payment cash not consumed by LPG invoices.
AL-0389,00038846,2025-05-22,STAT:115,3,7337.97,,,,,0.0,7337.97,7337.97,UNALLOCATED_PORTION,ERP_LEDGER,Exception,False,False,Leftover payment cash not consumed by LPG invoices.
AL-0390,00039812,2025-06-12,STAT:116,4,20557.69,,,,,0.0,20557.69,20557.69,UNALLOCATED_PORTION,ERP_LEDGER,Exception,False,False,Leftover payment cash not consumed by LPG invoices.
AL-0391,00040063,2025-07-14,STAT:117,5,11795.24,,,,,0.0,170.12,170.12,UNALLOCATED_PORTION,ERP_LEDGER,Exception,False,False,Leftover payment cash not consumed by LPG invoices.
AL-0392,00043199,2026-02-05,STAT 123,12,15578.23,,,,,0.0,183.05,183.05,UNALLOCATED_PORTION,ERP_LEDGER,Exception,False,False,Leftover payment cash not consumed by LPG invoices.
