debtor_code,doc_no,entry_type,tx_date,stock_code,standard_weight_group,qty,amount_incl,financial_effect,custody_effect,deposit_rate,custody_exposure,source_file,notes
JIM001,00004564,Invoice,2019-01-02,9.2,9kg,5.0,1725.0,1725.0,5.0,517.5,2587.5,,
JIM001,00004567,Invoice,2019-01-02,9.2,9kg,2.0,690.0,690.0,2.0,517.5,1035.0,,
JIM001,00004568,Invoice,2019-01-02,9.2,9kg,2.0,690.0,690.0,2.0,517.5,1035.0,,
JIM001,00004592,Invoice,2019-01-05,9.2,9kg,1.0,345.0,345.0,1.0,517.5,517.5,,
JIM001,00000607,Crd Note,2019-01-09,9.2,9kg,-1.0,-345.0,-345.0,-1.0,517.5,-517.5,,
JIM001,00004620,Invoice,2019-01-10,9.2,9kg,1.0,345.0,345.0,1.0,517.5,517.5,,
JIM001,00000613,Crd Note,2019-01-12,9.2,9kg,-2.0,-690.0,-690.0,-2.0,517.5,-1035.0,,
JIM001,00000617,Crd Note,2019-01-12,9.2,9kg,-1.0,-345.0,-345.0,-1.0,517.5,-517.5,,
JIM001,00004733,Invoice,2019-02-02,9.2,9kg,1.0,345.0,345.0,1.0,517.5,517.5,,
JIM001,00004768,Invoice,2019-02-12,9.2,9kg,4.0,1380.0,1380.0,4.0,517.5,2070.0,,
JIM001,00000639,Crd Note,2019-02-14,9.2,9kg,-1.0,-345.0,-345.0,-1.0,517.5,-517.5,,
JIM001,00004794,Invoice,2019-02-16,9.2,9kg,7.0,2415.0,2415.0,7.0,517.5,3622.5,,
JIM001,00000656,Crd Note,2019-02-21,9.2,9kg,-8.0,-2760.0,-2760.0,-8.0,517.5,-4140.0,,
JIM001,00000661,Crd Note,2019-02-27,9.2,9kg,-2.0,-690.0,-690.0,-2.0,517.5,-1035.0,,
JIM001,00000671,Crd Note,2019-03-01,9.2,9kg,-1.0,-345.0,-345.0,-1.0,517.5,-517.5,,
JIM001,00000664,Crd Note,2019-03-04,9.2,9kg,-2.0,-690.0,-690.0,-2.0,517.5,-1035.0,,
JIM001,00004902,Invoice,2019-03-08,9.2,9kg,1.0,345.0,345.0,1.0,517.5,517.5,,
JIM001,00004961,Invoice,2019-03-23,9.2,9kg,3.0,1035.0,1035.0,3.0,517.5,1552.5,,
JIM001,00005092,Invoice,2019-04-18,9.2,9kg,4.0,1380.0,1380.0,4.0,517.5,2070.0,,
JIM001,00000697,Crd Note,2019-04-24,9.2,9kg,-4.0,-1380.0,-1380.0,-4.0,517.5,-2070.0,,
JIM001,00000704,Crd Note,2019-04-24,9.2,9kg,-4.0,-1380.0,-1380.0,-4.0,517.5,-2070.0,,
JIM001,00000721,Crd Note,2019-05-22,9.2,9kg,-4.0,-1380.0,-1380.0,-4.0,517.5,-2070.0,,
JIM001,00005453,Invoice,2019-06-28,9.2,9kg,3.0,1035.0,1035.0,3.0,517.5,1552.5,,
JIM001,00000766,Crd Note,2019-07-04,9.2,9kg,-3.0,-1035.0,-1035.0,-3.0,517.5,-1552.5,,
JIM001,00000773,Crd Note,2019-07-16,9.2,9kg,-4.0,-1380.0,-1380.0,-4.0,517.5,-2070.0,,
JIM001,00000789,Crd Note,2019-07-19,9.2,9kg,-2.0,-690.0,-690.0,-2.0,517.5,-1035.0,,
JIM001,00005633,Invoice,2019-08-08,9.2,9kg,2.0,690.0,690.0,2.0,517.5,1035.0,,
JIM001,00005636,Invoice,2019-08-08,9.2,9kg,4.0,1380.0,1380.0,4.0,517.5,2070.0,,
JIM001,00005643,Invoice,2019-08-08,9.2,9kg,1.0,345.0,345.0,1.0,517.5,517.5,,
JIM001,00000787,Crd Note,2019-08-14,9.2,9kg,-1.0,-345.0,-345.0,-1.0,517.5,-517.5,,
JIM001,00006201,Invoice,2020-01-09,9.2,9kg,1.0,345.0,345.0,1.0,517.5,517.5,,
JIM001,00000849,Crd Note,2020-04-01,9.2,9kg,-1.0,-345.0,-345.0,-1.0,517.5,-517.5,,
JIM001,00000850,Crd Note,2020-04-01,9.2,9kg,-1.0,-345.0,-345.0,-1.0,517.5,-517.5,,
JIM001,00008037,Invoice,2021-03-24,9.2,9kg,4.0,1380.0,1380.0,4.0,517.5,2070.0,,
JIM001,00000974,Crd Note,2021-03-25,19.7,19kg,-4.0,-1380.0,-1380.0,-4.0,690.0,-2760.0,,
JIM001,00000990,Crd Note,2021-03-26,19.6,19kg,-1.0,-345.0,-345.0,-1.0,690.0,-690.0,,
JIM001,00000990,Crd Note,2021-03-26,19.7,19kg,-3.0,-1035.0,-1035.0,-3.0,690.0,-2070.0,,
JIM001,00008059,Invoice,2021-03-26,19.7,19kg,4.0,1380.0,1380.0,4.0,690.0,2760.0,,
JIM001,00008090,Invoice,2021-03-30,19.6,19kg,8.0,2760.0,2760.0,8.0,690.0,5520.0,,
JIM001,00001018,Crd Note,2021-03-31,9.7,9kg,-4.0,-1380.0,-1380.0,-4.0,517.5,-2070.0,,
JIM001,00001043,Crd Note,2021-04-06,19.1,19kg,-5.0,-1725.0,-1725.0,-5.0,690.0,-3450.0,,
JIM001,00001057,Crd Note,2021-04-07,19.1,19kg,-4.0,-1380.0,-1380.0,-4.0,690.0,-2760.0,,
JIM001,00008137,Invoice,2021-04-07,19.1,19kg,5.0,1725.0,1725.0,5.0,690.0,3450.0,,
JIM001,00008147,Invoice,2021-04-07,19.1,19kg,4.0,0.0,0.0,4.0,690.0,2760.0,,
JIM001,00008225,Invoice,2021-04-17,19.1,19kg,4.0,0.0,0.0,4.0,690.0,2760.0,,
JIM001,00001129,Crd Note,2021-04-20,19.1,19kg,-3.0,0.0,0.0,-3.0,690.0,-2070.0,,
JIM001,00008249,Invoice,2021-04-20,19.1,19kg,3.0,0.0,0.0,3.0,690.0,2070.0,,
JIM001,00001157,Crd Note,2021-04-23,19.1,19kg,-2.0,0.0,0.0,-2.0,690.0,-1380.0,,
JIM001,00008276,Invoice,2021-04-23,19.1,19kg,3.0,0.0,0.0,3.0,690.0,2070.0,,
JIM001,00001195,Crd Note,2021-04-29,19.1,19kg,-6.0,0.0,0.0,-6.0,690.0,-4140.0,,
JIM001,00008321,Invoice,2021-04-29,19.1,19kg,5.0,0.0,0.0,5.0,690.0,3450.0,,
JIM001,00001236,Crd Note,2021-05-04,19.1,19kg,-6.0,0.0,0.0,-6.0,690.0,-4140.0,,
JIM001,00008368,Invoice,2021-05-04,19.1,19kg,7.0,0.0,0.0,7.0,690.0,4830.0,,
JIM001,00008399,Invoice,2021-05-07,19.1,19kg,4.0,0.0,0.0,4.0,690.0,2760.0,,
JIM001,00001279,Crd Note,2021-05-08,19.1,19kg,-1.0,0.0,0.0,-1.0,690.0,-690.0,,
JIM001,00008441,Invoice,2021-05-12,19.1,19kg,3.0,0.0,0.0,3.0,690.0,2070.0,,
JIM001,00001316,Crd Note,2021-05-13,19.1,19kg,-3.0,-1035.0,-1035.0,-3.0,690.0,-2070.0,,
JIM001,00001317,Crd Note,2021-05-13,19.1,19kg,-1.0,-345.0,-345.0,-1.0,690.0,-690.0,,
JIM001,00001318,Crd Note,2021-05-13,19.1,19kg,-3.0,0.0,0.0,-3.0,690.0,-2070.0,,
JIM001,00008460,Invoice,2021-05-14,19.1,19kg,2.0,0.0,0.0,2.0,690.0,1380.0,,
JIM001,00001352,Crd Note,2021-05-17,19.1,19kg,-7.0,0.0,0.0,-7.0,690.0,-4830.0,,
JIM001,00008475,Invoice,2021-05-17,19.1,19kg,5.0,0.0,0.0,5.0,690.0,3450.0,,
JIM001,00001382,Crd Note,2021-05-20,19.1,19kg,-2.0,0.0,0.0,-2.0,690.0,-1380.0,,
JIM001,00008510,Invoice,2021-05-20,19.1,19kg,3.0,0.0,0.0,3.0,690.0,2070.0,,
JIM001,00001424,Crd Note,2021-05-24,19.1,19kg,-3.0,0.0,0.0,-3.0,690.0,-2070.0,,
JIM001,00001424,Crd Note,2021-05-24,19.1,19kg,-1.0,0.0,0.0,-1.0,690.0,-690.0,,
JIM001,00008554,Invoice,2021-05-24,19.1,19kg,3.0,0.0,0.0,3.0,690.0,2070.0,,
JIM001,00001478,Crd Note,2021-05-28,19.1,19kg,-5.0,0.0,0.0,-5.0,690.0,-3450.0,,
JIM001,00008607,Invoice,2021-05-28,19.1,19kg,4.0,0.0,0.0,4.0,690.0,2760.0,,
JIM001,00001497,Crd Note,2021-05-31,19.1,19kg,-2.0,0.0,0.0,-2.0,690.0,-1380.0,,
JIM001,00008629,Invoice,2021-05-31,19.1,19kg,3.0,0.0,0.0,3.0,690.0,2070.0,,
JIM001,00001557,Crd Note,2021-06-04,19.1,19kg,-5.0,0.0,0.0,-5.0,690.0,-3450.0,,
JIM001,00008692,Invoice,2021-06-04,19.1,19kg,5.0,0.0,0.0,5.0,690.0,3450.0,,
JIM001,00001588,Crd Note,2021-06-07,19.1,19kg,-3.0,0.0,0.0,-3.0,690.0,-2070.0,,
JIM001,00008730,Invoice,2021-06-07,19.1,19kg,3.0,0.0,0.0,3.0,690.0,2070.0,,
JIM001,00001645,Crd Note,2021-06-10,9.1,9kg,-1.0,0.0,0.0,-1.0,517.5,-517.5,,
JIM001,00001645,Crd Note,2021-06-10,19.1,19kg,-5.0,0.0,0.0,-5.0,690.0,-3450.0,,
JIM001,00008805,Invoice,2021-06-10,9.1,9kg,1.0,0.0,0.0,1.0,517.5,517.5,,
JIM001,00008805,Invoice,2021-06-10,19.1,19kg,5.0,0.0,0.0,5.0,690.0,3450.0,,
JIM001,00008809,Invoice,2021-06-10,9.1,9kg,1.0,0.0,0.0,1.0,517.5,517.5,,
JIM001,00001695,Crd Note,2021-06-15,19.1,19kg,-4.0,0.0,0.0,-4.0,690.0,-2760.0,,
JIM001,00008864,Invoice,2021-06-15,19.1,19kg,4.0,0.0,0.0,4.0,690.0,2760.0,,
JIM001,00001722,Crd Note,2021-06-18,19.1,19kg,-4.0,0.0,0.0,-4.0,690.0,-2760.0,,
JIM001,00008897,Invoice,2021-06-18,19.1,19kg,5.0,0.0,0.0,5.0,690.0,3450.0,,
JIM001,00001767,Crd Note,2021-06-23,19.1,19kg,-5.0,0.0,0.0,-5.0,690.0,-3450.0,,
JIM001,00008953,Invoice,2021-06-23,19.1,19kg,5.0,0.0,0.0,5.0,690.0,3450.0,,
JIM001,00001789,Crd Note,2021-06-24,19.1,19kg,-1.0,0.0,0.0,-1.0,690.0,-690.0,,
JIM001,00008972,Invoice,2021-06-24,19.1,19kg,4.0,0.0,0.0,4.0,690.0,2760.0,,
JIM001,00009069,Invoice,2021-07-01,19.1,19kg,3.0,0.0,0.0,3.0,690.0,2070.0,,
JIM001,00001874,Crd Note,2021-07-02,19.1,19kg,-5.0,0.0,0.0,-5.0,690.0,-3450.0,,
JIM001,00001933,Crd Note,2021-07-06,19.1,19kg,-3.0,0.0,0.0,-3.0,690.0,-2070.0,,
JIM001,00009139,Invoice,2021-07-06,19.1,19kg,3.0,0.0,0.0,3.0,690.0,2070.0,,
JIM001,00001963,Crd Note,2021-07-08,19.1,19kg,-4.0,0.0,0.0,-4.0,690.0,-2760.0,,
JIM001,00009169,Invoice,2021-07-08,19.1,19kg,4.0,0.0,0.0,4.0,690.0,2760.0,,
JIM001,00009306,Invoice,2021-07-19,19.1,19kg,3.0,0.0,0.0,3.0,690.0,2070.0,,
JIM001,00009350,Invoice,2021-07-22,19.1,19kg,3.0,0.0,0.0,3.0,690.0,2070.0,,
JIM001,00009452,Invoice,2021-07-26,19.1,19kg,5.0,0.0,0.0,5.0,690.0,3450.0,,
JIM001,00009517,Invoice,2021-07-30,19.1,19kg,4.0,0.0,0.0,4.0,690.0,2760.0,,
JIM001,00009561,Invoice,2021-08-02,19.1,19kg,3.0,0.0,0.0,3.0,690.0,2070.0,,
JIM001,00002101,Crd Note,2021-08-03,19.1,19kg,-3.0,0.0,0.0,-3.0,690.0,-2070.0,,
JIM001,00002124,Crd Note,2021-08-05,19.1,19kg,-6.0,0.0,0.0,-6.0,690.0,-4140.0,,
JIM001,00009619,Invoice,2021-08-05,19.1,19kg,3.0,0.0,0.0,3.0,690.0,2070.0,,
JIM001,00009692,Invoice,2021-08-11,19.1,19kg,4.0,0.0,0.0,4.0,690.0,2760.0,,
JIM001,00009692,Invoice,2021-08-11,9.1,9kg,1.0,0.0,0.0,1.0,517.5,517.5,,
JIM001,00009756,Invoice,2021-08-13,19.1,19kg,3.0,0.0,0.0,3.0,690.0,2070.0,,
JIM001,00002191,Crd Note,2021-08-14,9.1,9kg,-1.0,0.0,0.0,-1.0,517.5,-517.5,,
JIM001,00002191,Crd Note,2021-08-14,19.1,19kg,-9.0,0.0,0.0,-9.0,690.0,-6210.0,,
JIM001,00009760,Invoice,2021-08-14,14.1,14kg,3.0,0.0,0.0,3.0,575.0,1725.0,,
JIM001,00002205,Crd Note,2021-08-17,19.1,19kg,-2.0,0.0,0.0,-2.0,690.0,-1380.0,,
JIM001,00002205,Crd Note,2021-08-17,14.1,14kg,-2.0,0.0,0.0,-2.0,575.0,-1150.0,,
JIM001,00009789,Invoice,2021-08-17,19.1,19kg,4.0,0.0,0.0,4.0,690.0,2760.0,,
JIM001,00009841,Invoice,2021-08-19,19.1,19kg,4.0,0.0,0.0,4.0,690.0,2760.0,,
JIM001,00002239,Crd Note,2021-08-20,19.1,19kg,-2.0,0.0,0.0,-2.0,690.0,-1380.0,,
JIM001,00002239,Crd Note,2021-08-20,14.1,14kg,-2.0,0.0,0.0,-2.0,575.0,-1150.0,,
JIM001,00002263,Crd Note,2021-08-23,14.1,14kg,-2.0,0.0,0.0,-2.0,575.0,-1150.0,,
JIM001,00002263,Crd Note,2021-08-23,19.1,19kg,-2.0,0.0,0.0,-2.0,690.0,-1380.0,,
JIM001,00009891,Invoice,2021-08-23,19.1,19kg,3.0,0.0,0.0,3.0,690.0,2070.0,,
JIM001,00002280,Crd Note,2021-08-26,19.1,19kg,-3.0,0.0,0.0,-3.0,690.0,-2070.0,,
JIM001,00002282,Crd Note,2021-08-26,19.1,19kg,-3.0,0.0,0.0,-3.0,690.0,-2070.0,,
JIM001,00002285,Crd Note,2021-08-26,19.1,19kg,-2.0,0.0,0.0,-2.0,690.0,-1380.0,,
JIM001,00009933,Invoice,2021-08-26,19.1,19kg,3.0,0.0,0.0,3.0,690.0,2070.0,,
JIM001,00009935,Invoice,2021-08-26,19.1,19kg,3.0,0.0,0.0,3.0,690.0,2070.0,,
JIM001,00009937,Invoice,2021-08-26,19.1,19kg,4.0,0.0,0.0,4.0,690.0,2760.0,,
JIM001,00002308,Crd Note,2021-08-30,19.1,19kg,-3.0,0.0,0.0,-3.0,690.0,-2070.0,,
JIM001,00002348,Crd Note,2021-09-03,19.1,19kg,-4.0,0.0,0.0,-4.0,690.0,-2760.0,,
JIM001,00010042,Invoice,2021-09-03,19.1,19kg,4.0,0.0,0.0,4.0,690.0,2760.0,,
JIM001,00010103,Invoice,2021-09-07,19.1,19kg,4.0,0.0,0.0,4.0,690.0,2760.0,,
JIM001,00002389,Crd Note,2021-09-08,19.1,19kg,-3.0,0.0,0.0,-3.0,690.0,-2070.0,,
JIM001,00010149,Invoice,2021-09-10,19.1,19kg,4.0,0.0,0.0,4.0,690.0,2760.0,,
JIM001,00002409,Crd Note,2021-09-11,19.1,19kg,-3.0,0.0,0.0,-3.0,690.0,-2070.0,,
JIM001,00010213,Invoice,2021-09-16,19.1,19kg,4.0,0.0,0.0,4.0,690.0,2760.0,,
JIM001,00002437,Crd Note,2021-09-17,19.1,19kg,-5.0,0.0,0.0,-5.0,690.0,-3450.0,,
JIM001,00002468,Crd Note,2021-09-21,19.1,19kg,-8.0,0.0,0.0,-8.0,690.0,-5520.0,,
JIM001,00002473,Crd Note,2021-09-21,19.1,19kg,-4.0,0.0,0.0,-4.0,690.0,-2760.0,,
JIM001,00010265,Invoice,2021-09-21,19.1,19kg,4.0,0.0,0.0,4.0,690.0,2760.0,,
JIM001,00010268,Invoice,2021-09-21,14.1,14kg,7.0,0.0,0.0,7.0,575.0,4025.0,,
JIM001,00002484,Crd Note,2021-09-22,14.1,14kg,-1.0,0.0,0.0,-1.0,575.0,-575.0,,
JIM001,00010299,Invoice,2021-09-22,19.1,19kg,5.0,0.0,0.0,5.0,690.0,3450.0,,
JIM001,00002528,Crd Note,2021-09-27,19.1,19kg,-3.0,0.0,0.0,-3.0,690.0,-2070.0,,
JIM001,00002528,Crd Note,2021-09-27,14.1,14kg,-3.0,0.0,0.0,-3.0,575.0,-1725.0,,
JIM001,00010363,Invoice,2021-09-27,19.1,19kg,3.0,0.0,0.0,3.0,690.0,2070.0,,
JIM001,00010410,Invoice,2021-09-30,19.1,19kg,5.0,1725.0,1725.0,5.0,690.0,3450.0,,
JIM001,00002551,Crd Note,2021-10-01,14.1,14kg,-2.0,-690.0,-690.0,-2.0,575.0,-1150.0,,
JIM001,00002551,Crd Note,2021-10-01,19.1,19kg,-1.0,-345.0,-345.0,-1.0,690.0,-690.0,,
JIM001,00002614,Crd Note,2021-10-07,19.1,19kg,-7.0,0.0,0.0,-7.0,690.0,-4830.0,,
JIM001,00002615,Crd Note,2021-10-07,14.1,14kg,-1.0,-345.0,-345.0,-1.0,575.0,-575.0,,
JIM001,00010581,Invoice,2021-10-07,14.1,14kg,7.0,0.0,0.0,7.0,575.0,4025.0,,
JIM001,00010617,Invoice,2021-10-09,19.1,19kg,4.0,1380.0,1380.0,4.0,690.0,2760.0,,
JIM001,00002636,Crd Note,2021-10-11,19.1,19kg,-4.0,-1380.0,-1380.0,-4.0,690.0,-2760.0,,
JIM001,00010673,Invoice,2021-10-12,19.1,19kg,5.0,1725.0,1725.0,5.0,690.0,3450.0,,
JIM001,00002664,Crd Note,2021-10-13,19.1,19kg,-1.0,-345.0,-345.0,-1.0,690.0,-690.0,,
JIM001,00002665,Crd Note,2021-10-13,19.1,19kg,-2.0,-690.0,-690.0,-2.0,690.0,-1380.0,,
JIM001,00002665,Crd Note,2021-10-13,14.1,14kg,-3.0,-1035.0,-1035.0,-3.0,575.0,-1725.0,,
JIM001,00002882,Crd Note,2021-10-15,19.1,19kg,-4.0,-1380.0,-1380.0,-4.0,690.0,-2760.0,,
JIM001,00010705,Invoice,2021-10-15,19.1,19kg,4.0,1380.0,1380.0,4.0,690.0,2760.0,,
JIM001,00010839,Invoice,2021-10-22,19.1,19kg,4.0,1380.0,1380.0,4.0,690.0,2760.0,,
JIM001,00011062,Invoice,2021-11-04,19.1,19kg,5.0,1725.0,1725.0,5.0,690.0,3450.0,,
JIM001,00011089,Invoice,2021-11-05,19.1,19kg,3.0,1035.0,1035.0,3.0,690.0,2070.0,,
JIM001,00002828,Crd Note,2021-11-06,19.1,19kg,-3.0,-1035.0,-1035.0,-3.0,690.0,-2070.0,,
JIM001,00002880,Crd Note,2021-11-13,19.1,19kg,-5.0,-1725.0,-1725.0,-5.0,690.0,-3450.0,,
JIM001,00002881,Crd Note,2021-11-13,19.1,19kg,-4.0,-1380.0,-1380.0,-4.0,690.0,-2760.0,,
JIM001,00002908,Crd Note,2021-11-18,19.1,19kg,-5.0,-1725.0,-1725.0,-5.0,690.0,-3450.0,,
JIM001,00011279,Invoice,2021-11-18,19.1,19kg,5.0,1725.0,1725.0,5.0,690.0,3450.0,,
JIM001,00002924,Crd Note,2021-11-22,19.1,19kg,-4.0,-1380.0,-1380.0,-4.0,690.0,-2760.0,,
JIM001,00011333,Invoice,2021-11-22,19.1,19kg,5.0,1725.0,1725.0,5.0,690.0,3450.0,,
JIM001,00002972,Crd Note,2021-11-29,19.1,19kg,-1.0,-345.0,-345.0,-1.0,690.0,-690.0,,
JIM001,00012042,Invoice,2022-01-20,19.1,19kg,5.0,0.0,0.0,5.0,690.0,3450.0,,
JIM001,00012073,Invoice,2022-01-26,19.1,19kg,5.0,0.0,0.0,5.0,690.0,3450.0,,
JIM001,00003156,Crd Note,2022-01-27,19.1,19kg,-5.0,0.0,0.0,-5.0,690.0,-3450.0,,
JIM001,00012088,Invoice,2022-01-28,19.1,19kg,5.0,0.0,0.0,5.0,690.0,3450.0,,
JIM001,00012178,Invoice,2022-02-05,19.1,19kg,6.0,345.0,345.0,6.0,690.0,4140.0,,
JIM001,00003216,Crd Note,2022-02-11,19.1,19kg,-6.0,-345.0,-345.0,-6.0,690.0,-4140.0,,
JIM001,00012316,Invoice,2022-02-17,19.1,19kg,2.0,690.0,690.0,2.0,690.0,1380.0,,
JIM001,00003272,Crd Note,2022-02-26,19.1,19kg,-2.0,-690.0,-690.0,-2.0,690.0,-1380.0,,
JIM001,00013067,Invoice,2022-04-21,19.1,19kg,2.0,690.0,690.0,2.0,690.0,1380.0,,
JIM001,00013161,Invoice,2022-04-28,19.1,19kg,7.0,2415.0,2415.0,7.0,690.0,4830.0,,
JIM001,00003470,Crd Note,2022-04-29,19.1,19kg,-7.0,-2415.0,-2415.0,-7.0,690.0,-4830.0,,
JIM001,00003500,Crd Note,2022-05-04,19.1,19kg,-4.0,-1380.0,-1380.0,-4.0,690.0,-2760.0,,
JIM001,00003501,Crd Note,2022-05-04,19.1,19kg,-2.0,-690.0,-690.0,-2.0,690.0,-1380.0,,
JIM001,00013256,Invoice,2022-05-04,19.1,19kg,4.0,1380.0,1380.0,4.0,690.0,2760.0,,
JIM001,00003534,Crd Note,2022-05-07,19.1,19kg,-3.0,-1035.0,-1035.0,-3.0,690.0,-2070.0,,
JIM001,00013333,Invoice,2022-05-07,19.1,19kg,3.0,1035.0,1035.0,3.0,690.0,2070.0,,
JIM001,00013360,Invoice,2022-05-09,19.1,19kg,3.0,1035.0,1035.0,3.0,690.0,2070.0,,
JIM001,00003566,Crd Note,2022-05-12,19.1,19kg,-4.0,-1380.0,-1380.0,-4.0,690.0,-2760.0,,
JIM001,00003578,Crd Note,2022-05-12,19.1,19kg,-4.0,-1380.0,-1380.0,-4.0,690.0,-2760.0,,
JIM001,00013453,Invoice,2022-05-12,19.1,19kg,4.0,1380.0,1380.0,4.0,690.0,2760.0,,
JIM001,00003602,Crd Note,2022-05-19,19.1,19kg,-3.0,-1794.0,-1794.0,-3.0,690.0,-2070.0,,
JIM001,00013571,Invoice,2022-05-19,19.1,19kg,4.0,2392.0,2392.0,4.0,690.0,2760.0,,
JIM001,00003617,Crd Note,2022-05-23,19.1,19kg,-2.0,-1196.0,-1196.0,-2.0,690.0,-1380.0,,
JIM001,00003641,Crd Note,2022-05-31,19.1,19kg,-5.0,-2990.0,-2990.0,-5.0,690.0,-3450.0,,
JIM001,00013745,Invoice,2022-05-31,19.1,19kg,5.0,2990.0,2990.0,5.0,690.0,3450.0,,
JIM001,00003653,Crd Note,2022-06-03,19.1,19kg,-1.0,-598.0,-598.0,-1.0,690.0,-690.0,,
JIM001,00013823,Invoice,2022-06-03,19.1,19kg,4.0,2392.0,2392.0,4.0,690.0,2760.0,,
JIM001,00003790,Crd Note,2022-07-22,19.1,19kg,-6.0,-3588.0,-3588.0,-6.0,690.0,-4140.0,,
JIM001,00014663,Invoice,2022-07-22,19.1,19kg,6.0,3588.0,3588.0,6.0,690.0,4140.0,,
JIM001,00003791,Crd Note,2022-08-04,19.1,19kg,-1.0,-598.0,-598.0,-1.0,690.0,-690.0,,
JIM001,00003817,Crd Note,2022-08-10,19.1,19kg,-2.0,-1196.0,-1196.0,-2.0,690.0,-1380.0,,
JIM001,00015004,Invoice,2022-08-10,19.1,19kg,3.0,1794.0,1794.0,3.0,690.0,2070.0,,
JIM001,00003906,Crd Note,2022-08-19,19.1,19kg,-8.0,-4784.0,-4784.0,-8.0,690.0,-5520.0,,
JIM001,00015192,Invoice,2022-08-19,19.1,19kg,8.0,4784.0,4784.0,8.0,690.0,5520.0,,
JIM001,00003963,Crd Note,2022-08-27,9.1,9kg,-6.0,-3588.0,-3588.0,-6.0,517.5,-3105.0,,
JIM001,00003964,Crd Note,2022-08-27,19.1,19kg,-8.0,-4784.0,-4784.0,-8.0,690.0,-5520.0,,
JIM001,00015345,Invoice,2022-08-27,9.1,9kg,6.0,3588.0,3588.0,6.0,517.5,3105.0,,
JIM001,00015346,Invoice,2022-08-27,19.1,19kg,6.0,3588.0,3588.0,6.0,690.0,4140.0,,
JIM001,00003966,Crd Note,2022-08-29,19.1,19kg,-3.0,-1794.0,-1794.0,-3.0,690.0,-2070.0,,
JIM001,00003967,Crd Note,2022-08-29,19.1,19kg,-5.0,-2990.0,-2990.0,-5.0,690.0,-3450.0,,
JIM001,00015360,Invoice,2022-08-29,19.1,19kg,8.0,4784.0,4784.0,8.0,690.0,5520.0,,
JIM001,00003999,Crd Note,2022-09-01,19.1,19kg,-5.0,-2990.0,-2990.0,-5.0,690.0,-3450.0,,
JIM001,00015431,Invoice,2022-09-01,S.1,S.1,2.0,1196.0,1196.0,2.0,1150.0,2300.0,,
JIM001,00015491,Invoice,2022-09-05,S.1,S.1,1.0,598.0,598.0,1.0,1150.0,1150.0,,
JIM001,00004034,Crd Note,2022-09-10,19.1,19kg,-1.0,-598.0,-598.0,-1.0,690.0,-690.0,,
JIM001,00004035,Crd Note,2022-09-10,S.1,S.1,-2.0,-1196.0,-1196.0,-2.0,1150.0,-2300.0,,
JIM001,00004035,Crd Note,2022-09-10,19.1,19kg,-2.0,-1196.0,-1196.0,-2.0,690.0,-1380.0,,
JIM001,00015560,Invoice,2022-09-10,S.1,S.1,1.0,598.0,598.0,1.0,1150.0,1150.0,,
JIM001,00015560,Invoice,2022-09-10,D.1,D.1,2.0,1196.0,1196.0,2.0,1150.0,2300.0,,
JIM001,00004068,Crd Note,2022-09-15,S.1,S.1,-2.0,-1196.0,-1196.0,-2.0,1150.0,-2300.0,,
JIM001,00004068,Crd Note,2022-09-15,19.1,19kg,-1.0,-598.0,-598.0,-1.0,690.0,-690.0,,
JIM001,00015626,Invoice,2022-09-15,D.1,D.1,3.0,1794.0,1794.0,3.0,1150.0,3450.0,,
JIM001,00004112,Crd Note,2022-09-23,D.1,D.1,-2.0,-1196.0,-1196.0,-2.0,1150.0,-2300.0,,
JIM001,00015801,Invoice,2022-09-23,D.1,D.1,3.0,1794.0,1794.0,3.0,1150.0,3450.0,,
JIM001,00016128,Invoice,2022-10-20,S.1,S.1,2.0,1196.0,1196.0,2.0,1150.0,2300.0,,
JIM001,00004209,Crd Note,2022-10-21,S.1,S.1,-1.0,-598.0,-598.0,-1.0,1150.0,-1150.0,,
JIM001,00004210,Crd Note,2022-10-21,S.1,S.1,-2.0,-1196.0,-1196.0,-2.0,1150.0,-2300.0,,
JIM001,00004225,Crd Note,2022-10-27,S.1,S.1,-2.0,-1196.0,-1196.0,-2.0,1150.0,-2300.0,,
JIM001,00016200,Invoice,2022-10-27,S.1,S.1,3.0,1794.0,1794.0,3.0,1150.0,3450.0,,
JIM001,00004255,Crd Note,2022-11-03,S.1,S.1,-1.0,-598.0,-598.0,-1.0,1150.0,-1150.0,,
JIM001,00004256,Crd Note,2022-11-03,S.1,S.1,-2.0,-1196.0,-1196.0,-2.0,1150.0,-2300.0,,
JIM001,00016316,Invoice,2022-11-03,S.1,S.1,2.0,1196.0,1196.0,2.0,1150.0,2300.0,,
JIM001,00016400,Invoice,2022-11-10,D.1,D.1,2.0,1196.0,1196.0,2.0,1150.0,2300.0,,
JIM001,00004276,Crd Note,2022-11-11,S.1,S.1,-2.0,-1196.0,-1196.0,-2.0,1150.0,-2300.0,,
JIM001,00016419,Invoice,2022-11-11,19.1,19kg,2.0,1196.0,1196.0,2.0,690.0,1380.0,,
JIM001,00016420,Invoice,2022-11-11,19.1,19kg,1.0,598.0,598.0,1.0,690.0,690.0,,
JIM001,00016421,Invoice,2022-11-11,19.1,19kg,1.0,598.0,598.0,1.0,690.0,690.0,,
JIM001,00016724,Invoice,2022-12-06,S.1,S.1,4.0,2392.0,2392.0,4.0,1150.0,4600.0,,
JIM001,00004350,Crd Note,2022-12-07,19.1,19kg,-1.0,-598.0,-598.0,-1.0,690.0,-690.0,,
JIM001,00004350,Crd Note,2022-12-07,S.1,S.1,-2.0,-1196.0,-1196.0,-2.0,1150.0,-2300.0,,
JIM001,00004377,Crd Note,2022-12-13,D.1,D.1,-3.0,-1794.0,-1794.0,-3.0,1150.0,-3450.0,,
JIM001,00016830,Invoice,2022-12-13,D.1,D.1,4.0,2392.0,2392.0,4.0,1150.0,4600.0,,
JIM001,00004419,Crd Note,2022-12-19,S.1,S.1,-3.0,-1035.0,-1035.0,-3.0,1150.0,-3450.0,,
JIM001,00017076,Invoice,2022-12-19,S.1,S.1,4.0,1380.0,1380.0,4.0,1150.0,4600.0,,
JIM001,00017028,Invoice,2022-12-23,S.1,S.1,1.0,345.0,345.0,1.0,1150.0,1150.0,,
JIM001,00004441,Crd Note,2023-01-03,S.1,S.1,-1.0,-598.0,-598.0,-1.0,1150.0,-1150.0,,
JIM001,00004514,Crd Note,2023-02-03,D.1,D.1,-1.0,-598.0,-598.0,-1.0,1150.0,-1150.0,,
JIM001,00004634,Crd Note,2023-03-23,S.1,S.1,-1.0,-345.0,-345.0,-1.0,1150.0,-1150.0,,
JIM001,00018696,Invoice,2023-03-23,S.1,S.1,3.0,1035.0,1035.0,3.0,1150.0,3450.0,,
JIM001,00004725,Crd Note,2023-04-14,S.1,S.1,-2.0,-690.0,-690.0,-2.0,1150.0,-2300.0,,
JIM001,00004726,Crd Note,2023-04-14,S.1,S.1,-1.0,-345.0,-345.0,-1.0,1150.0,-1150.0,,
JIM001,00019349,Invoice,2023-04-14,S.1,S.1,2.0,690.0,690.0,2.0,1150.0,2300.0,,
JIM001,00004759,Crd Note,2023-04-20,S.1,S.1,-2.0,-690.0,-690.0,-2.0,1150.0,-2300.0,,
JIM001,00019499,Invoice,2023-04-20,S.1,S.1,2.0,690.0,690.0,2.0,1150.0,2300.0,,
JIM001,00004799,Crd Note,2023-04-26,S.1,S.1,-3.0,-1035.0,-1035.0,-3.0,1150.0,-3450.0,,
JIM001,00019698,Invoice,2023-04-26,S.1,S.1,3.0,1035.0,1035.0,3.0,1150.0,3450.0,,
JIM001,00004859,Crd Note,2023-05-04,S.1,S.1,-1.0,-345.0,-345.0,-1.0,1150.0,-1150.0,,
JIM001,00004859,Crd Note,2023-05-04,D.1,D.1,-2.0,-690.0,-690.0,-2.0,1150.0,-2300.0,,
JIM001,00019928,Invoice,2023-05-04,S.1,S.1,1.0,345.0,345.0,1.0,1150.0,1150.0,,
JIM001,00019928,Invoice,2023-05-04,D.1,D.1,2.0,690.0,690.0,2.0,1150.0,2300.0,,
JIM001,00004908,Crd Note,2023-05-10,S.1,S.1,-2.0,-690.0,-690.0,-2.0,1150.0,-2300.0,,
JIM001,00020124,Invoice,2023-05-10,S.1,S.1,3.0,1035.0,1035.0,3.0,1150.0,3450.0,,
JIM001,00004977,Crd Note,2023-05-18,S.1,S.1,-3.0,-1035.0,-1035.0,-3.0,1150.0,-3450.0,,
JIM001,00020358,Invoice,2023-05-18,S.1,S.1,3.0,1035.0,1035.0,3.0,1150.0,3450.0,,
JIM001,00005101,Crd Note,2023-06-01,S.1,S.1,-4.0,-1380.0,-1380.0,-4.0,1150.0,-4600.0,,
JIM001,00020873,Invoice,2023-06-01,S.1,S.1,3.0,1035.0,1035.0,3.0,1150.0,3450.0,,
JIM001,00005151,Crd Note,2023-06-08,S.1,S.1,-3.0,-1035.0,-1035.0,-3.0,1150.0,-3450.0,,
JIM001,00021111,Invoice,2023-06-08,S.1,S.1,2.0,690.0,690.0,2.0,1150.0,2300.0,,
JIM001,00005235,Crd Note,2023-06-15,S.1,S.1,-1.0,-345.0,-345.0,-1.0,1150.0,-1150.0,,
JIM001,00021346,Invoice,2023-06-15,S.1,S.1,3.0,1035.0,1035.0,3.0,1150.0,3450.0,,
JIM001,00005299,Crd Note,2023-06-22,S.1,S.1,-3.0,-1035.0,-1035.0,-3.0,1150.0,-3450.0,,
JIM001,00021564,Invoice,2023-06-22,S.1,S.1,3.0,1035.0,1035.0,3.0,1150.0,3450.0,,
JIM001,00005356,Crd Note,2023-06-28,S.1,S.1,-3.0,-1035.0,-1035.0,-3.0,1150.0,-3450.0,,
JIM001,00021763,Invoice,2023-06-28,S.1,S.1,3.0,1035.0,1035.0,3.0,1150.0,3450.0,,
JIM001,00005440,Crd Note,2023-07-06,S.1,S.1,-3.0,-1035.0,-1035.0,-3.0,1150.0,-3450.0,,
JIM001,00022051,Invoice,2023-07-06,S.1,S.1,3.0,1035.0,1035.0,3.0,1150.0,3450.0,,
JIM001,00022332,Invoice,2023-07-13,S.1,S.1,3.0,1035.0,1035.0,3.0,1150.0,3450.0,,
JIM001,00022569,Invoice,2023-07-20,S.1,S.1,3.0,1035.0,1035.0,3.0,1150.0,3450.0,,
JIM001,00022605,Invoice,2023-07-20,9.1,9kg,2.0,690.0,690.0,2.0,517.5,1035.0,,
JIM001,00005594,Crd Note,2023-07-21,S.1,S.1,-3.0,-1035.0,-1035.0,-3.0,1150.0,-3450.0,,
JIM001,00005686,Crd Note,2023-07-27,S.1,S.1,-3.0,-1035.0,-1035.0,-3.0,1150.0,-3450.0,,
JIM001,00005686,Crd Note,2023-07-27,9.1,9kg,-2.0,-690.0,-690.0,-2.0,517.5,-1035.0,,
JIM001,00022847,Invoice,2023-07-27,S.1,S.1,3.0,1035.0,1035.0,3.0,1150.0,3450.0,,
JIM001,00005771,Crd Note,2023-08-03,S.1,S.1,-3.0,-1035.0,-1035.0,-3.0,1150.0,-3450.0,,
JIM001,00023099,Invoice,2023-08-03,S.1,S.1,3.0,1035.0,1035.0,3.0,1150.0,3450.0,,
JIM001,00005833,Crd Note,2023-08-10,S.1,S.1,-3.0,-1035.0,-1035.0,-3.0,1150.0,-3450.0,,
JIM001,00023279,Invoice,2023-08-10,S.1,S.1,3.0,1035.0,1035.0,3.0,1150.0,3450.0,,
JIM001,00023546,Invoice,2023-08-17,S.1,S.1,3.0,1035.0,1035.0,3.0,1150.0,3450.0,,
JIM001,00005983,Crd Note,2023-08-24,S.1,S.1,-3.0,-1035.0,-1035.0,-3.0,1150.0,-3450.0,,
JIM001,00023733,Invoice,2023-08-24,S.1,S.1,3.0,1035.0,1035.0,3.0,1150.0,3450.0,,
JIM001,00023965,Invoice,2023-08-31,S.1,S.1,3.0,1035.0,1035.0,3.0,1150.0,3450.0,,
JIM001,00006075,Crd Note,2023-09-01,S.1,S.1,-3.0,-1035.0,-1035.0,-3.0,1150.0,-3450.0,,
JIM001,00024088,Invoice,2023-09-02,S.1,S.1,2.0,690.0,690.0,2.0,1150.0,2300.0,,
JIM001,00006101,Crd Note,2023-09-04,S.1,S.1,-2.0,-690.0,-690.0,-2.0,1150.0,-2300.0,,
JIM001,00006105,Crd Note,2023-09-04,S.1,S.1,-3.0,-1035.0,-1035.0,-3.0,1150.0,-3450.0,,
JIM001,00006151,Crd Note,2023-09-07,S.1,S.1,-3.0,-1035.0,-1035.0,-3.0,1150.0,-3450.0,,
JIM001,00024246,Invoice,2023-09-07,S.1,S.1,2.0,690.0,690.0,2.0,1150.0,2300.0,,
JIM001,00006232,Crd Note,2023-09-15,S.1,S.1,-4.0,-1380.0,-1380.0,-4.0,1150.0,-4600.0,,
JIM001,00024517,Invoice,2023-09-15,S.1,S.1,2.0,690.0,690.0,2.0,1150.0,2300.0,,
JIM001,00006290,Crd Note,2023-09-21,S.1,S.1,-2.0,-690.0,-690.0,-2.0,1150.0,-2300.0,,
JIM001,00024694,Invoice,2023-09-21,S.1,S.1,2.0,690.0,690.0,2.0,1150.0,2300.0,,
JIM001,00006357,Crd Note,2023-09-28,S.1,S.1,-1.0,-345.0,-345.0,-1.0,1150.0,-1150.0,,
JIM001,00024908,Invoice,2023-09-28,S.1,S.1,2.0,690.0,690.0,2.0,1150.0,2300.0,,
JIM001,00025155,Invoice,2023-10-05,S.1,S.1,2.0,690.0,690.0,2.0,1150.0,2300.0,,
JIM001,00006422,Crd Note,2023-10-06,S.1,S.1,-3.0,-1035.0,-1035.0,-3.0,1150.0,-3450.0,,
JIM001,00025252,Invoice,2023-10-07,S.1,S.1,1.0,345.0,345.0,1.0,1150.0,1150.0,,
JIM001,00006454,Crd Note,2023-10-09,S.1,S.1,-1.0,-345.0,-345.0,-1.0,1150.0,-1150.0,,
JIM001,00025476,Invoice,2023-10-14,S.1,S.1,2.0,690.0,690.0,2.0,1150.0,2300.0,,
JIM001,00006527,Crd Note,2023-10-16,S.1,S.1,-2.0,-690.0,-690.0,-2.0,1150.0,-2300.0,,
JIM001,00006563,Crd Note,2023-10-19,S.1,S.1,-2.0,-690.0,-690.0,-2.0,1150.0,-2300.0,,
JIM001,00025617,Invoice,2023-10-19,S.1,S.1,3.0,1035.0,1035.0,3.0,1150.0,3450.0,,
JIM001,00006624,Crd Note,2023-10-26,S.1,S.1,-3.0,-1035.0,-1035.0,-3.0,1150.0,-3450.0,,
JIM001,00025853,Invoice,2023-10-26,S.1,S.1,3.0,1035.0,1035.0,3.0,1150.0,3450.0,,
JIM001,00006684,Crd Note,2023-11-02,D.1,D.1,-1.0,-345.0,-345.0,-1.0,1150.0,-1150.0,,
JIM001,00026142,Invoice,2023-11-02,D.1,D.1,3.0,1035.0,1035.0,3.0,1150.0,3450.0,,
JIM001,00006775,Crd Note,2023-11-09,S.1,S.1,-3.0,-1035.0,-1035.0,-3.0,1150.0,-3450.0,,
JIM001,00026404,Invoice,2023-11-09,S.1,S.1,3.0,1035.0,1035.0,3.0,1150.0,3450.0,,
JIM001,00006904,Crd Note,2023-11-23,S.1,S.1,-3.0,-1035.0,-1035.0,-3.0,1150.0,-3450.0,,
JIM001,00026893,Invoice,2023-11-23,S.1,S.1,2.0,690.0,690.0,2.0,1150.0,2300.0,,
JIM001,00026893,Invoice,2023-11-23,D.1,D.1,1.0,345.0,345.0,1.0,1150.0,1150.0,,
JIM001,00006957,Crd Note,2023-11-30,S.1,S.1,-3.0,-1035.0,-1035.0,-3.0,1150.0,-3450.0,,
JIM001,00027133,Invoice,2023-12-01,D.1,D.1,2.0,690.0,690.0,2.0,1150.0,2300.0,,
JIM001,00007020,Crd Note,2023-12-07,S.1,S.1,-1.0,-345.0,-345.0,-1.0,1150.0,-1150.0,,
JIM001,00007020,Crd Note,2023-12-07,D.1,D.1,-2.0,-690.0,-690.0,-2.0,1150.0,-2300.0,,
JIM001,00027385,Invoice,2023-12-07,S.1,S.1,3.0,1035.0,1035.0,3.0,1150.0,3450.0,,
JIM001,00007156,Crd Note,2023-12-21,D.1,D.1,-1.0,-345.0,-345.0,-1.0,1150.0,-1150.0,,
JIM001,00007156,Crd Note,2023-12-21,S.1,S.1,-5.0,-1725.0,-1725.0,-5.0,1150.0,-5750.0,,
JIM001,00027972,Invoice,2023-12-21,S.1,S.1,3.0,1035.0,1035.0,3.0,1150.0,3450.0,,
JIM001,00007210,Crd Note,2023-12-29,S.1,S.1,-2.0,-690.0,-690.0,-2.0,1150.0,-2300.0,,
JIM001,00028137,Invoice,2023-12-29,S.1,S.1,3.0,1035.0,1035.0,3.0,1150.0,3450.0,,
JIM001,00007248,Crd Note,2024-01-04,S.1,S.1,-2.0,-690.0,-690.0,-2.0,1150.0,-2300.0,,
JIM001,00007253,Crd Note,2024-01-04,S.1,S.1,-3.0,-1035.0,-1035.0,-3.0,1150.0,-3450.0,,
JIM001,00028329,Invoice,2024-01-04,S.1,S.1,2.0,690.0,690.0,2.0,1150.0,2300.0,,
JIM001,00028331,Invoice,2024-01-04,S.1,S.1,3.0,1035.0,1035.0,3.0,1150.0,3450.0,,
JIM001,00007291,Crd Note,2024-01-11,S.1,S.1,-3.0,-1035.0,-1035.0,-3.0,1150.0,-3450.0,,
JIM001,00028586,Invoice,2024-01-11,S.1,S.1,2.0,690.0,690.0,2.0,1150.0,2300.0,,
JIM001,00007339,Crd Note,2024-01-18,9.1,9kg,-1.0,-345.0,-345.0,-1.0,517.5,-517.5,,
JIM001,00007339,Crd Note,2024-01-18,S.1,S.1,-1.0,-345.0,-345.0,-1.0,1150.0,-1150.0,,
JIM001,00028752,Invoice,2024-01-18,9.1,9kg,1.0,345.0,345.0,1.0,517.5,517.5,,
JIM001,00028752,Invoice,2024-01-18,S.1,S.1,1.0,345.0,345.0,1.0,1150.0,1150.0,,
JIM001,00007379,Crd Note,2024-01-25,S.1,S.1,-3.0,-1035.0,-1035.0,-3.0,1150.0,-3450.0,,
JIM001,00028960,Invoice,2024-01-25,S.1,S.1,2.0,690.0,690.0,2.0,1150.0,2300.0,,
JIM001,00007418,Crd Note,2024-02-01,S.1,S.1,-3.0,-1035.0,-1035.0,-3.0,1150.0,-3450.0,,
JIM001,00029162,Invoice,2024-02-01,D.1,D.1,3.0,1035.0,1035.0,3.0,1150.0,3450.0,,
JIM001,00007453,Crd Note,2024-02-08,D.1,D.1,-1.0,-345.0,-345.0,-1.0,1150.0,-1150.0,,
JIM001,00007453,Crd Note,2024-02-08,S.1,S.1,-2.0,-690.0,-690.0,-2.0,1150.0,-2300.0,,
JIM001,00029385,Invoice,2024-02-08,S.1,S.1,3.0,1035.0,1035.0,3.0,1150.0,3450.0,,
JIM001,00007484,Crd Note,2024-02-15,S.1,S.1,-2.0,-690.0,-690.0,-2.0,1150.0,-2300.0,,
JIM001,00029585,Invoice,2024-02-15,S.1,S.1,2.0,690.0,690.0,2.0,1150.0,2300.0,,
JIM001,00007523,Crd Note,2024-02-22,S.1,S.1,-2.0,-690.0,-690.0,-2.0,1150.0,-2300.0,,
JIM001,00029764,Invoice,2024-02-22,S.1,S.1,2.0,690.0,690.0,2.0,1150.0,2300.0,,
JIM001,00007576,Crd Note,2024-03-01,S.1,S.1,-2.0,-1196.0,-1196.0,-2.0,1150.0,-2300.0,,
JIM001,00030012,Invoice,2024-03-01,S.1,S.1,2.0,1196.0,1196.0,2.0,1150.0,2300.0,,
JIM001,00030148,Invoice,2024-03-05,S.1,S.1,3.0,1035.0,1035.0,3.0,1150.0,3450.0,,
JIM001,00007605,Crd Note,2024-03-06,S.1,S.1,-3.0,-1035.0,-1035.0,-3.0,1150.0,-3450.0,,
JIM001,00031002,Invoice,2024-04-04,S.1,S.1,2.0,1196.0,1196.0,2.0,1150.0,2300.0,,
JIM001,00007950,Crd Note,2024-04-05,S.1,S.1,-2.0,-1196.0,-1196.0,-2.0,1150.0,-2300.0,,
JIM001,00008041,Crd Note,2024-04-11,S.1,S.1,-2.0,-1196.0,-1196.0,-2.0,1150.0,-2300.0,,
JIM001,00031212,Invoice,2024-04-11,S.1,S.1,2.0,1196.0,1196.0,2.0,1150.0,2300.0,,
JIM001,00008117,Crd Note,2024-04-18,S.1,S.1,-3.0,-1794.0,-1794.0,-3.0,1150.0,-3450.0,,
JIM001,00031426,Invoice,2024-04-18,S.1,S.1,3.0,1794.0,1794.0,3.0,1150.0,3450.0,,
JIM001,00008209,Crd Note,2024-04-26,S.1,S.1,-2.0,-1196.0,-1196.0,-2.0,1150.0,-2300.0,,
JIM001,00031655,Invoice,2024-04-26,S.1,S.1,2.0,1196.0,1196.0,2.0,1150.0,2300.0,,
JIM001,00031806,Invoice,2024-05-02,S.1,S.1,3.0,1794.0,1794.0,3.0,1150.0,3450.0,,
JIM001,00012314,Crd Note,2024-05-03,S.1,S.1,-4.0,-1380.0,-1380.0,-4.0,1150.0,-4600.0,,
JIM001,00008280,Crd Note,2024-05-03,S.1,S.1,-4.0,-2392.0,-2392.0,-4.0,1150.0,-4600.0,,
JIM001,00042406,Invoice,2024-05-03,S.1,S.1,4.0,2392.0,2392.0,4.0,1150.0,4600.0,,
JIM001,00008359,Crd Note,2024-05-09,S.1,S.1,-3.0,-1794.0,-1794.0,-3.0,1150.0,-3450.0,,
JIM001,00031998,Invoice,2024-05-09,S.1,S.1,3.0,1794.0,1794.0,3.0,1150.0,3450.0,,
JIM001,00008461,Crd Note,2024-05-17,S.1,S.1,-2.0,-1196.0,-1196.0,-2.0,1150.0,-2300.0,,
JIM001,00032220,Invoice,2024-05-17,S.1,S.1,2.0,1196.0,1196.0,2.0,1150.0,2300.0,,
JIM001,00032410,Invoice,2024-05-24,S.1,S.1,2.0,1196.0,1196.0,2.0,1150.0,2300.0,,
JIM001,00008533,Crd Note,2024-05-25,S.1,S.1,-2.0,-1196.0,-1196.0,-2.0,1150.0,-2300.0,,
JIM001,00032532,Invoice,2024-05-28,S.1,S.1,2.0,1196.0,1196.0,2.0,1150.0,2300.0,,
JIM001,00008579,Crd Note,2024-05-29,S.1,S.1,-2.0,-1196.0,-1196.0,-2.0,1150.0,-2300.0,,
JIM001,00008612,Crd Note,2024-05-31,S.1,S.1,-1.0,-598.0,-598.0,-1.0,1150.0,-1150.0,,
JIM001,00032615,Invoice,2024-05-31,S.1,S.1,1.0,598.0,598.0,1.0,1150.0,1150.0,,
JIM001,00008690,Crd Note,2024-06-06,S.1,S.1,-2.0,-1196.0,-1196.0,-2.0,1150.0,-2300.0,,
JIM001,00032812,Invoice,2024-06-06,S.1,S.1,2.0,1196.0,1196.0,2.0,1150.0,2300.0,,
JIM001,00008781,Crd Note,2024-06-11,S.1,S.1,-3.0,-1794.0,-1794.0,-3.0,1150.0,-3450.0,,
JIM001,00032985,Invoice,2024-06-11,S.1,S.1,3.0,1794.0,1794.0,3.0,1150.0,3450.0,,
JIM001,00008915,Crd Note,2024-06-20,S.1,S.1,-3.0,-1794.0,-1794.0,-3.0,1150.0,-3450.0,,
JIM001,00033273,Invoice,2024-06-20,S.1,S.1,3.0,1794.0,1794.0,3.0,1150.0,3450.0,,
JIM001,00009041,Crd Note,2024-06-27,S.1,S.1,-3.0,-1794.0,-1794.0,-3.0,1150.0,-3450.0,,
JIM001,00033534,Invoice,2024-06-27,S.1,S.1,3.0,1794.0,1794.0,3.0,1150.0,3450.0,,
JIM001,00009161,Crd Note,2024-07-04,S.1,S.1,-3.0,-1794.0,-1794.0,-3.0,1150.0,-3450.0,,
JIM001,00033807,Invoice,2024-07-04,S.1,S.1,3.0,1794.0,1794.0,3.0,1150.0,3450.0,,
JIM001,00009314,Crd Note,2024-07-11,S.1,S.1,-2.0,-1196.0,-1196.0,-2.0,1150.0,-2300.0,,
JIM001,00034099,Invoice,2024-07-11,S.1,S.1,3.0,1794.0,1794.0,3.0,1150.0,3450.0,,
JIM001,00009419,Crd Note,2024-07-18,S.1,S.1,-1.0,-598.0,-598.0,-1.0,1150.0,-1150.0,,
JIM001,00034329,Invoice,2024-07-18,S.1,S.1,1.0,598.0,598.0,1.0,1150.0,1150.0,,
JIM001,00034384,Invoice,2024-07-19,S.1,S.1,2.0,1196.0,1196.0,2.0,1150.0,2300.0,,
JIM001,00034384,Invoice,2024-07-19,9.1,9kg,1.0,598.0,598.0,1.0,517.5,517.5,,
JIM001,00009454,Crd Note,2024-07-20,S.1,S.1,-2.0,-1196.0,-1196.0,-2.0,1150.0,-2300.0,,
JIM001,00009454,Crd Note,2024-07-20,9.1,9kg,-1.0,-598.0,-598.0,-1.0,517.5,-517.5,,
JIM001,00034615,Invoice,2024-07-26,S.1,S.1,2.0,1196.0,1196.0,2.0,1150.0,2300.0,,
JIM001,00009547,Crd Note,2024-07-27,S.1,S.1,-2.0,-1196.0,-1196.0,-2.0,1150.0,-2300.0,,
JIM001,00009641,Crd Note,2024-08-02,S.1,S.1,-3.0,-1035.0,-1035.0,-3.0,1150.0,-3450.0,,
JIM001,00034850,Invoice,2024-08-02,S.1,S.1,2.0,690.0,690.0,2.0,1150.0,2300.0,,
JIM001,00009770,Crd Note,2024-08-08,S.1,S.1,-3.0,-1794.0,-1794.0,-3.0,1150.0,-3450.0,,
JIM001,00035095,Invoice,2024-08-08,S.1,S.1,3.0,1794.0,1794.0,3.0,1150.0,3450.0,,
JIM001,00009865,Crd Note,2024-08-15,S.1,S.1,-2.0,-1196.0,-1196.0,-2.0,1150.0,-2300.0,,
JIM001,00035298,Invoice,2024-08-15,S.1,S.1,3.0,1794.0,1794.0,3.0,1150.0,3450.0,,
JIM001,00009970,Crd Note,2024-08-23,S.1,S.1,-1.0,-598.0,-598.0,-1.0,1150.0,-1150.0,,
JIM001,00035523,Invoice,2024-08-23,S.1,S.1,1.0,598.0,598.0,1.0,1150.0,1150.0,,
JIM001,00010086,Crd Note,2024-08-30,S.1,S.1,-2.0,-1196.0,-1196.0,-2.0,1150.0,-2300.0,,
JIM001,00035750,Invoice,2024-08-30,S.1,S.1,2.0,1196.0,1196.0,2.0,1150.0,2300.0,,
JIM001,00035962,Invoice,2024-09-05,S.1,S.1,1.0,598.0,598.0,1.0,1150.0,1150.0,,
JIM001,00010168,Crd Note,2024-09-06,S.1,S.1,-2.0,-1196.0,-1196.0,-2.0,1150.0,-2300.0,,
JIM001,00010168,Crd Note,2024-09-06,9.1,9kg,-1.0,-598.0,-598.0,-1.0,517.5,-517.5,,
JIM001,00010186,Crd Note,2024-09-06,S.1,S.1,-1.0,-598.0,-598.0,-1.0,1150.0,-1150.0,,
JIM001,00035991,Invoice,2024-09-06,S.1,S.1,2.0,1196.0,1196.0,2.0,1150.0,2300.0,,
JIM001,00036192,Invoice,2024-09-12,9.1,9kg,1.0,598.0,598.0,1.0,517.5,517.5,,
JIM001,00036192,Invoice,2024-09-12,S.1,S.1,3.0,1794.0,1794.0,3.0,1150.0,3450.0,,
JIM001,00010276,Crd Note,2024-09-13,S.1,S.1,-3.0,-1794.0,-1794.0,-3.0,1150.0,-3450.0,,
JIM001,00010361,Crd Note,2024-09-18,S.1,S.1,-2.0,-1196.0,-1196.0,-2.0,1150.0,-2300.0,,
JIM001,00036396,Invoice,2024-09-18,S.1,S.1,3.0,1794.0,1794.0,3.0,1150.0,3450.0,,
JIM001,00010495,Crd Note,2024-09-26,S.1,S.1,-3.0,-1794.0,-1794.0,-3.0,1150.0,-3450.0,,
JIM001,00036681,Invoice,2024-09-26,S.1,S.1,2.0,1196.0,1196.0,2.0,1150.0,2300.0,,
JIM001,00036946,Invoice,2024-10-03,S.1,S.1,2.0,1040.0,1040.0,2.0,1150.0,2300.0,,
JIM001,00010668,Crd Note,2024-10-07,S.1,S.1,-2.0,-1196.0,-1196.0,-2.0,1150.0,-2300.0,,
JIM001,00037217,Invoice,2024-10-11,S.1,S.1,2.0,1196.0,1196.0,2.0,1150.0,2300.0,,
JIM001,00010743,Crd Note,2024-10-12,S.1,S.1,-2.0,-1196.0,-1196.0,-2.0,1150.0,-2300.0,,
JIM001,00010806,Crd Note,2024-10-17,S.1,S.1,-2.0,-1196.0,-1196.0,-2.0,1150.0,-2300.0,,
JIM001,00037364,Invoice,2024-10-17,S.1,S.1,2.0,1196.0,1196.0,2.0,1150.0,2300.0,,
JIM001,00037620,Invoice,2024-10-25,9.1,9kg,1.0,598.0,598.0,1.0,517.5,517.5,,
JIM001,00037620,Invoice,2024-10-25,S.1,S.1,2.0,1196.0,1196.0,2.0,1150.0,2300.0,,
JIM001,00010919,Crd Note,2024-10-26,9.1,9kg,-1.0,-598.0,-598.0,-1.0,517.5,-517.5,,
JIM001,00010919,Crd Note,2024-10-26,S.1,S.1,-3.0,-1794.0,-1794.0,-3.0,1150.0,-3450.0,,
JIM001,00010998,Crd Note,2024-10-31,S.1,S.1,-2.0,-1196.0,-1196.0,-2.0,1150.0,-2300.0,,
JIM001,00037800,Invoice,2024-10-31,S.1,S.1,2.0,1196.0,1196.0,2.0,1150.0,2300.0,,
JIM001,00011101,Crd Note,2024-11-07,S.1,S.1,-2.0,-1196.0,-1196.0,-2.0,1150.0,-2300.0,,
JIM001,00038041,Invoice,2024-11-07,S.1,S.1,3.0,1794.0,1794.0,3.0,1150.0,3450.0,,
JIM001,00011200,Crd Note,2024-11-14,S.1,S.1,-3.0,-1794.0,-1794.0,-3.0,1150.0,-3450.0,,
JIM001,00038267,Invoice,2024-11-14,S.1,S.1,2.0,1196.0,1196.0,2.0,1150.0,2300.0,,
JIM001,00011277,Crd Note,2024-11-21,S.1,S.1,-2.0,-1196.0,-1196.0,-2.0,1150.0,-2300.0,,
JIM001,00038457,Invoice,2024-11-21,S.1,S.1,2.0,1196.0,1196.0,2.0,1150.0,2300.0,,
JIM001,00011351,Crd Note,2024-11-29,S.1,S.1,-2.0,-690.0,-690.0,-2.0,1150.0,-2300.0,,
JIM001,00038665,Invoice,2024-11-29,S.1,S.1,2.0,690.0,690.0,2.0,1150.0,2300.0,,
JIM001,00011394,Crd Note,2024-12-04,S.1,S.1,-3.0,-3622.5,-3622.5,-3.0,1150.0,-3450.0,,
JIM001,00038821,Invoice,2024-12-04,S.1,S.1,3.0,3622.5,3622.5,3.0,1150.0,3450.0,,
JIM001,00039008,Invoice,2024-12-12,S.1,S.1,3.0,3622.5,3622.5,3.0,1150.0,3450.0,,
JIM001,00011464,Crd Note,2024-12-13,S.1,S.1,-3.0,-3622.5,-3622.5,-3.0,1150.0,-3450.0,,
JIM001,00011509,Crd Note,2024-12-18,S.1,S.1,-2.0,-2415.0,-2415.0,-2.0,1150.0,-2300.0,,
JIM001,00039149,Invoice,2024-12-18,S.1,S.1,3.0,3622.5,3622.5,3.0,1150.0,3450.0,,
JIM001,00011570,Crd Note,2024-12-23,S.1,S.1,-2.0,-2415.0,-2415.0,-2.0,1150.0,-2300.0,,
JIM001,00039307,Invoice,2024-12-23,S.1,S.1,2.0,2415.0,2415.0,2.0,1150.0,2300.0,,
JIM001,00011660,Crd Note,2025-01-09,S.1,S.1,-4.0,-4830.0,-4830.0,-4.0,1150.0,-4600.0,,
JIM001,00039715,Invoice,2025-01-09,D.1,D.1,3.0,3622.5,3622.5,3.0,1150.0,3450.0,,
JIM001,00039899,Invoice,2025-01-15,S.1,S.1,3.0,3622.5,3622.5,3.0,1150.0,3450.0,,
JIM001,00011693,Crd Note,2025-01-16,S.1,S.1,-2.0,-2415.0,-2415.0,-2.0,1150.0,-2300.0,,
JIM001,00011757,Crd Note,2025-01-24,S.1,S.1,-2.0,-2415.0,-2415.0,-2.0,1150.0,-2300.0,,
JIM001,00040144,Invoice,2025-01-24,S.1,S.1,2.0,2415.0,2415.0,2.0,1150.0,2300.0,,
JIM001,00040320,Invoice,2025-01-31,S.1,S.1,2.0,2415.0,2415.0,2.0,1150.0,2300.0,,
JIM001,00011803,Crd Note,2025-02-01,S.1,S.1,-2.0,-2415.0,-2415.0,-2.0,1150.0,-2300.0,,
JIM001,00011876,Crd Note,2025-02-11,S.1,S.1,-4.0,-4830.0,-4830.0,-4.0,1150.0,-4600.0,,
JIM001,00040623,Invoice,2025-02-11,S.1,S.1,3.0,3622.5,3622.5,3.0,1150.0,3450.0,,
JIM001,00011938,Crd Note,2025-02-21,S.1,S.1,-3.0,-3622.5,-3622.5,-3.0,1150.0,-3450.0,,
JIM001,00040882,Invoice,2025-02-21,S.1,S.1,3.0,3622.5,3622.5,3.0,1150.0,3450.0,,
JIM001,00041052,Invoice,2025-02-27,S.1,S.1,1.0,1207.5,1207.5,1.0,1150.0,1150.0,,
JIM001,00011977,Crd Note,2025-02-28,S.1,S.1,-2.0,-2415.0,-2415.0,-2.0,1150.0,-2300.0,,
JIM001,00012003,Crd Note,2025-03-05,S.1,S.1,-2.0,-2415.0,-2415.0,-2.0,1150.0,-2300.0,,
JIM001,00041217,Invoice,2025-03-05,S.1,S.1,2.0,2415.0,2415.0,2.0,1150.0,2300.0,,
JIM001,00012072,Crd Note,2025-03-14,S.1,S.1,-2.0,-2415.0,-2415.0,-2.0,1150.0,-2300.0,,
JIM001,00041487,Invoice,2025-03-14,S.1,S.1,2.0,2415.0,2415.0,2.0,1150.0,2300.0,,
JIM001,00041634,Invoice,2025-03-20,S.1,S.1,2.0,2415.0,2415.0,2.0,1150.0,2300.0,,
JIM001,00012116,Crd Note,2025-03-22,S.1,S.1,-2.0,-2415.0,-2415.0,-2.0,1150.0,-2300.0,,
JIM001,00012141,Crd Note,2025-03-28,S.1,S.1,-2.0,-2415.0,-2415.0,-2.0,1150.0,-2300.0,,
JIM001,00041800,Invoice,2025-03-28,S.1,S.1,2.0,2415.0,2415.0,2.0,1150.0,2300.0,,
JIM001,00012178,Crd Note,2025-04-02,S.1,S.1,-2.0,-2415.0,-2415.0,-2.0,1150.0,-2300.0,,
JIM001,00041927,Invoice,2025-04-02,S.1,S.1,3.0,3622.5,3622.5,3.0,1150.0,3450.0,,
JIM001,00012300,Crd Note,2025-04-17,S.1,S.1,-3.0,-3622.5,-3622.5,-3.0,1150.0,-3450.0,,
JIM001,00042358,Invoice,2025-04-17,S.1,S.1,3.0,3622.5,3622.5,3.0,1150.0,3450.0,,
JIM001,00012349,Crd Note,2025-04-25,S.1,S.1,-3.0,-3622.5,-3622.5,-3.0,1150.0,-3450.0,,
JIM001,00042566,Invoice,2025-04-25,S.1,S.1,3.0,3622.5,3622.5,3.0,1150.0,3450.0,,
JIM001,00042705,Invoice,2025-04-30,S.1,S.1,3.0,3622.5,3622.5,3.0,1150.0,3450.0,,
JIM001,00012391,Crd Note,2025-05-03,S.1,S.1,-3.0,-3622.5,-3622.5,-3.0,1150.0,-3450.0,,
JIM001,00042756,Invoice,2025-05-03,9.1,9kg,1.0,517.5,517.5,1.0,517.5,517.5,,
JIM001,00042756,Invoice,2025-05-03,S.1,S.1,2.0,2415.0,2415.0,2.0,1150.0,2300.0,,
JIM001,00012408,Crd Note,2025-05-05,S.1,S.1,-2.0,-2415.0,-2415.0,-2.0,1150.0,-2300.0,,
JIM001,00012453,Crd Note,2025-05-09,S.1,S.1,-3.0,-3622.5,-3622.5,-3.0,1150.0,-3450.0,,
JIM001,00042951,Invoice,2025-05-09,S.1,S.1,3.0,3622.5,3622.5,3.0,1150.0,3450.0,,
JIM001,00012488,Crd Note,2025-05-15,S.1,S.1,-2.0,-2415.0,-2415.0,-2.0,1150.0,-2300.0,,
JIM001,00043090,Invoice,2025-05-15,S.1,S.1,2.0,2415.0,2415.0,2.0,1150.0,2300.0,,
JIM001,00012543,Crd Note,2025-05-22,S.1,S.1,-3.0,-3622.5,-3622.5,-3.0,1150.0,-3450.0,,
JIM001,00043272,Invoice,2025-05-22,S.1,S.1,3.0,3622.5,3622.5,3.0,1150.0,3450.0,,
JIM001,00012592,Crd Note,2025-05-29,S.1,S.1,-3.0,-3622.5,-3622.5,-3.0,1150.0,-3450.0,,
JIM001,00043452,Invoice,2025-05-29,S.1,S.1,2.0,2415.0,2415.0,2.0,1150.0,2300.0,,
JIM001,00012634,Crd Note,2025-06-05,S.1,S.1,-2.0,-2415.0,-2415.0,-2.0,1150.0,-2300.0,,
JIM001,00043630,Invoice,2025-06-05,S.1,S.1,3.0,3622.5,3622.5,3.0,1150.0,3450.0,,
JIM001,00012713,Crd Note,2025-06-12,S.1,S.1,-2.0,-2415.0,-2415.0,-2.0,1150.0,-2300.0,,
JIM001,00012713,Crd Note,2025-06-12,9.1,9kg,-1.0,-517.5,-517.5,-1.0,517.5,-517.5,,
JIM001,00043883,Invoice,2025-06-12,S.1,S.1,2.0,2415.0,2415.0,2.0,1150.0,2300.0,,
JIM001,00043883,Invoice,2025-06-12,9.1,9kg,1.0,517.5,517.5,1.0,517.5,517.5,,
JIM001,00012725,Crd Note,2025-06-13,S.1,S.1,-2.0,-2415.0,-2415.0,-2.0,1150.0,-2300.0,,
JIM001,00012725,Crd Note,2025-06-13,9.1,9kg,-1.0,-517.5,-517.5,-1.0,517.5,-517.5,,
JIM001,00043911,Invoice,2025-06-13,S.1,S.1,2.0,2415.0,2415.0,2.0,1150.0,2300.0,,
JIM001,00043911,Invoice,2025-06-13,9.1,9kg,1.0,517.5,517.5,1.0,517.5,517.5,,
JIM001,00044098,Invoice,2025-06-20,S.1,S.1,3.0,3622.5,3622.5,3.0,1150.0,3450.0,,
JIM001,00012775,Crd Note,2025-06-21,S.1,S.1,-3.0,-3622.5,-3622.5,-3.0,1150.0,-3450.0,,
JIM001,00012823,Crd Note,2025-06-26,S.1,S.1,-2.0,-2415.0,-2415.0,-2.0,1150.0,-2300.0,,
JIM001,00044242,Invoice,2025-06-26,S.1,S.1,2.0,2415.0,2415.0,2.0,1150.0,2300.0,,
JIM001,00044517,Invoice,2025-07-04,S.1,S.1,2.0,2415.0,2415.0,2.0,1150.0,2300.0,,
JIM001,00044517,Invoice,2025-07-04,9.1,9kg,1.0,517.5,517.5,1.0,517.5,517.5,,
JIM001,00012900,Crd Note,2025-07-05,9.1,9kg,-1.0,-517.5,-517.5,-1.0,517.5,-517.5,,
JIM001,00012900,Crd Note,2025-07-05,S.1,S.1,-2.0,-2415.0,-2415.0,-2.0,1150.0,-2300.0,,
JIM001,00013010,Crd Note,2025-07-18,S.1,S.1,-3.0,-3622.5,-3622.5,-3.0,1150.0,-3450.0,,
JIM001,00044934,Invoice,2025-07-18,S.1,S.1,3.0,3622.5,3622.5,3.0,1150.0,3450.0,,
JIM001,00013047,Crd Note,2025-07-24,S.1,S.1,-3.0,-3622.5,-3622.5,-3.0,1150.0,-3450.0,,
JIM001,00045096,Invoice,2025-07-24,S.1,S.1,2.0,2415.0,2415.0,2.0,1150.0,2300.0,,
JIM001,00013061,Crd Note,2025-07-26,9.1,9kg,-1.0,-517.5,-517.5,-1.0,517.5,-517.5,,
JIM001,00045165,Invoice,2025-07-26,9.1,9kg,1.0,517.5,517.5,1.0,517.5,517.5,,
JIM001,00045324,Invoice,2025-08-01,S.1,S.1,3.0,3622.5,3622.5,3.0,1150.0,3450.0,,
JIM001,00013118,Crd Note,2025-08-03,S.1,S.1,-2.0,-2415.0,-2415.0,-2.0,1150.0,-2300.0,,
JIM001,00013171,Crd Note,2025-08-08,S.1,S.1,-2.0,-2415.0,-2415.0,-2.0,1150.0,-2300.0,,
JIM001,00045499,Invoice,2025-08-08,S.1,S.1,2.0,2415.0,2415.0,2.0,1150.0,2300.0,,
JIM001,00045672,Invoice,2025-08-15,S.1,S.1,3.0,3622.5,3622.5,3.0,1150.0,3450.0,,
JIM001,00013239,Crd Note,2025-08-16,S.1,S.1,-1.0,-1207.5,-1207.5,-1.0,1150.0,-1150.0,,
JIM001,00013288,Crd Note,2025-08-22,S.1,S.1,-3.0,-3622.5,-3622.5,-3.0,1150.0,-3450.0,,
JIM001,00045832,Invoice,2025-08-22,S.1,S.1,3.0,3622.5,3622.5,3.0,1150.0,3450.0,,
JIM001,00013333,Crd Note,2025-08-29,S.1,S.1,-1.0,-1207.5,-1207.5,-1.0,1150.0,-1150.0,,
JIM001,00045993,Invoice,2025-08-29,S.1,S.1,1.0,1207.5,1207.5,1.0,1150.0,1150.0,,
JIM001,00013375,Crd Note,2025-09-04,S.1,S.1,-3.0,-3622.5,-3622.5,-3.0,1150.0,-3450.0,,
JIM001,00046121,Invoice,2025-09-04,S.1,S.1,3.0,3622.5,3622.5,3.0,1150.0,3450.0,,
JIM001,00046309,Invoice,2025-09-11,S.1,S.1,3.0,3622.5,3622.5,3.0,1150.0,3450.0,,
JIM001,00013450,Crd Note,2025-09-12,S.1,S.1,-3.0,-3622.5,-3622.5,-3.0,1150.0,-3450.0,,
JIM001,00046526,Invoice,2025-09-19,S.1,S.1,2.0,2415.0,2415.0,2.0,1150.0,2300.0,,
JIM001,00013519,Crd Note,2025-09-22,S.1,S.1,-4.0,-4830.0,-4830.0,-4.0,1150.0,-4600.0,,
JIM001,00013554,Crd Note,2025-09-26,S.1,S.1,-2.0,-2415.0,-2415.0,-2.0,1150.0,-2300.0,,
JIM001,00046687,Invoice,2025-09-26,S.1,S.1,2.0,2415.0,2415.0,2.0,1150.0,2300.0,,
JIM001,00013607,Crd Note,2025-10-03,S.1,S.1,-3.0,-3622.5,-3622.5,-3.0,1150.0,-3450.0,,
JIM001,00046860,Invoice,2025-10-03,S.1,S.1,3.0,3622.5,3622.5,3.0,1150.0,3450.0,,
JIM001,00013647,Crd Note,2025-10-09,S.1,S.1,-2.0,-2415.0,-2415.0,-2.0,1150.0,-2300.0,,
JIM001,00046991,Invoice,2025-10-09,S.1,S.1,3.0,3622.5,3622.5,3.0,1150.0,3450.0,,
JIM001,00013705,Crd Note,2025-10-17,S.1,S.1,-3.0,-3622.5,-3622.5,-3.0,1150.0,-3450.0,,
JIM001,00047157,Invoice,2025-10-17,S.1,S.1,2.0,2415.0,2415.0,2.0,1150.0,2300.0,,
JIM001,00013745,Crd Note,2025-10-24,S.1,S.1,-2.0,-2415.0,-2415.0,-2.0,1150.0,-2300.0,,
JIM001,00047293,Invoice,2025-10-24,S.1,S.1,2.0,2415.0,2415.0,2.0,1150.0,2300.0,,
JIM001,00047465,Invoice,2025-11-01,S.1,S.1,3.0,3622.5,3622.5,3.0,1150.0,3450.0,,
JIM001,00013804,Crd Note,2025-11-03,S.1,S.1,-3.0,-3622.5,-3622.5,-3.0,1150.0,-3450.0,,
JIM001,00013828,Crd Note,2025-11-08,S.1,S.1,-3.0,-3622.5,-3622.5,-3.0,1150.0,-3450.0,,
JIM001,00047572,Invoice,2025-11-08,S.1,S.1,2.0,2415.0,2415.0,2.0,1150.0,2300.0,,
JIM001,00013870,Crd Note,2025-11-14,S.1,S.1,-1.0,-1207.5,-1207.5,-1.0,1150.0,-1150.0,,
JIM001,00047671,Invoice,2025-11-14,S.1,S.1,2.0,2415.0,2415.0,2.0,1150.0,2300.0,,
JIM001,00013925,Crd Note,2025-11-21,S.1,S.1,-3.0,-3622.5,-3622.5,-3.0,1150.0,-3450.0,,
JIM001,00047849,Invoice,2025-11-21,S.1,S.1,1.0,1207.5,1207.5,1.0,1150.0,1150.0,,
JIM001,00047984,Invoice,2025-11-28,S.1,S.1,1.0,1207.5,1207.5,1.0,1150.0,1150.0,,
JIM001,00014008,Crd Note,2025-12-04,S.1,S.1,-2.0,-2415.0,-2415.0,-2.0,1150.0,-2300.0,,
JIM001,00048099,Invoice,2025-12-04,S.1,S.1,3.0,3622.5,3622.5,3.0,1150.0,3450.0,,
JIM001,00014066,Crd Note,2025-12-12,S.1,S.1,-3.0,-3622.5,-3622.5,-3.0,1150.0,-3450.0,,
JIM001,00048245,Invoice,2025-12-12,S.1,S.1,2.0,2415.0,2415.0,2.0,1150.0,2300.0,,
JIM001,00048392,Invoice,2025-12-19,S.1,S.1,3.0,3622.5,3622.5,3.0,1150.0,3450.0,,
JIM001,00014131,Crd Note,2025-12-20,S.1,S.1,-3.0,-3622.5,-3622.5,-3.0,1150.0,-3450.0,,
JIM001,00014159,Crd Note,2025-12-24,S.1,S.1,-1.0,-1207.5,-1207.5,-1.0,1150.0,-1150.0,,
JIM001,00048488,Invoice,2025-12-24,S.1,S.1,1.0,1207.5,1207.5,1.0,1150.0,1150.0,,
JIM001,00014199,Crd Note,2025-12-31,S.1,S.1,-3.0,-3622.5,-3622.5,-3.0,1150.0,-3450.0,,
JIM001,00048579,Invoice,2025-12-31,S.1,S.1,3.0,3622.5,3622.5,3.0,1150.0,3450.0,,
JIM001,00014259,Crd Note,2026-01-01,S.1,S.1,-2.0,-2415.0,-2415.0,-2.0,1150.0,-2300.0,,
JIM001,00048600,Invoice,2026-01-01,S.1,S.1,3.0,3622.5,3622.5,3.0,1150.0,3450.0,,
JIM001,00014239,Crd Note,2026-01-09,S.1,S.1,-4.0,-4830.0,-4830.0,-4.0,1150.0,-4600.0,,
JIM001,00048702,Invoice,2026-01-09,S.1,S.1,3.0,3622.5,3622.5,3.0,1150.0,3450.0,,
JIM001,00048829,Invoice,2026-01-17,S.1,S.1,3.0,3622.5,3622.5,3.0,1150.0,3450.0,,
JIM001,00014313,Crd Note,2026-01-22,S.1,S.1,-2.0,-2415.0,-2415.0,-2.0,1150.0,-2300.0,,
JIM001,00048995,Invoice,2026-01-28,S.1,S.1,2.0,2415.0,2415.0,2.0,1150.0,2300.0,,
JIM001,00014352,Crd Note,2026-01-29,S.1,S.1,-4.0,-4830.0,-4830.0,-4.0,1150.0,-4600.0,,
JIM001,00014389,Crd Note,2026-02-06,S.1,S.1,-3.0,-3622.5,-3622.5,-3.0,1150.0,-3450.0,,
JIM001,00049127,Invoice,2026-02-06,S.1,S.1,3.0,3622.5,3622.5,3.0,1150.0,3450.0,,
JIM001,00014438,Crd Note,2026-02-18,S.1,S.1,-2.0,-2415.0,-2415.0,-2.0,1150.0,-2300.0,,
JIM001,00049316,Invoice,2026-02-18,D.1,D.1,3.0,3622.5,3622.5,3.0,1150.0,3450.0,,
JIM001,00049531,Invoice,2026-03-03,S.1,S.1,3.0,3622.5,3622.5,3.0,1150.0,3450.0,,
JIM001,00014525,Crd Note,2026-03-04,S.1,S.1,-2.0,-2415.0,-2415.0,-2.0,1150.0,-2300.0,,
JIM001,00014527,Crd Note,2026-03-04,S.1,S.1,-3.0,-3622.5,-3622.5,-3.0,1150.0,-3450.0,,
JIM001,00049541,Invoice,2026-03-04,S.1,S.1,3.0,3622.5,3622.5,3.0,1150.0,3450.0,,
JIM001,00049728,Invoice,2026-03-13,S.1,S.1,3.0,3622.5,3622.5,3.0,1150.0,3450.0,,
JIM001,00014591,Crd Note,2026-03-14,S.1,S.1,-3.0,-3622.5,-3622.5,-3.0,1150.0,-3450.0,,
JIM001,00014630,Crd Note,2026-03-20,S.1,S.1,-1.0,-1207.5,-1207.5,-1.0,1150.0,-1150.0,,
JIM001,00014630,Crd Note,2026-03-20,D.1,D.1,-2.0,-2415.0,-2415.0,-2.0,1150.0,-2300.0,,
JIM001,00049843,Invoice,2026-03-20,S.1,S.1,3.0,3622.5,3622.5,3.0,1150.0,3450.0,,
JIM001,00014694,Crd Note,2026-04-01,S.1,S.1,-4.0,-4830.0,-4830.0,-4.0,1150.0,-4600.0,,
JIM001,00050043,Invoice,2026-04-01,S.1,S.1,3.0,3622.5,3622.5,3.0,1150.0,3450.0,,
JIM001,00014731,Crd Note,2026-04-09,S.1,S.1,-3.0,-3622.5,-3622.5,-3.0,1150.0,-3450.0,,
JIM001,00050162,Invoice,2026-04-09,S.1,S.1,3.0,3622.5,3622.5,3.0,1150.0,3450.0,,
JIM001,00050291,Invoice,2026-04-18,S.1,S.1,2.0,2415.0,2415.0,2.0,1150.0,2300.0,,
JIM001,00014779,Crd Note,2026-04-20,S.1,S.1,-3.0,-3622.5,-3622.5,-3.0,1150.0,-3450.0,,
JIM001,00050372,Invoice,2026-04-24,S.1,S.1,2.0,2415.0,2415.0,2.0,1150.0,2300.0,,
JIM001,00014835,Crd Note,2026-05-01,S.1,S.1,-3.0,-3622.5,-3622.5,-3.0,1150.0,-3450.0,,
JIM001,00050469,Invoice,2026-05-01,S.1,S.1,3.0,3622.5,3622.5,3.0,1150.0,3450.0,,
JIM001,00014877,Crd Note,2026-05-09,S.1,S.1,-2.0,-2415.0,-2415.0,-2.0,1150.0,-2300.0,,
JIM001,00050595,Invoice,2026-05-09,S.1,S.1,2.0,2415.0,2415.0,2.0,1150.0,2300.0,,
JIM001,00050713,Invoice,2026-05-16,S.1,S.1,2.0,2415.0,2415.0,2.0,1150.0,2300.0,,
JIM001,00014924,Crd Note,2026-05-19,S.1,S.1,-2.0,-2415.0,-2415.0,-2.0,1150.0,-2300.0,,
JIM001,00014940,Crd Note,2026-05-21,S.1,S.1,-3.0,-3622.5,-3622.5,-3.0,1150.0,-3450.0,,
JIM001,00050811,Invoice,2026-05-21,S.1,S.1,3.0,3622.5,3622.5,3.0,1150.0,3450.0,,
