allocation_id,payment_doc,payment_date,batch_ref,payment_amount,target_doc,target_dn,target_date,target_lane,target_amount,allocated_amount,residual_after_allocation,allocation_type,evidence_source,confidence,commercially_confirmed,review_required,notes
AL-0001,42499(slice),2025-12-05,PC-76-26,-30554.71,47539,DN#21147,2025-11-06,HEADER,30554.71,30554.71,0.00,PROXIMITY_INFERENCE,PATTERN_ONLY,Probable,false,true,"Exact-cent match embedded as one line within multi-slice payment doc 42499 (full doc nets -49362.50 across several lines; only this slice matches a known event). Lag 29d exceeds Tier 4's 3-14d window - amount tie is exact, not sub-rand, but window breach still warrants review."
AL-0002,42708,2025-12-17,PC-76-26,-27890.50,48124/48306,DN20897,2025-12-05,HEADER,27890.88,27890.50,0.38,PROXIMITY_INFERENCE,PATTERN_ONLY,Probable,false,true,"Diff R0.38 consistent with VAT rounding. Lag 11-12d, within Tier 4 window. Event net computed from reversal chain (48124-14085+48306-14014)."
AL-0003,42716,2025-12-21,PC-76-26,-50237.00,48140/48307,DN#20898,2025-12-06,HEADER,50237.46,50237.00,0.46,PROXIMITY_INFERENCE,PATTERN_ONLY,Probable,false,true,"Diff R0.46. Lag 13-15d, at edge of Tier 4 window. Event net computed from reversal chain (48140-14086+48307-14022)."
AL-0004,42717,2025-12-21,PC-76-26,-38860.00,48309,DN#21711,2025-12-16,HEADER,38860.85,38860.00,0.85,PROXIMITY_INFERENCE,PATTERN_ONLY,Probable,false,true,"Diff R0.85. Lag 4-5d, within Tier 4 window."
AL-0005,42975(slice),2026-01-10,PC-76-27,-53192.50,48408,DN#21432,2025-12-20,HEADER,53192.93,53192.50,0.43,PROXIMITY_INFERENCE,PATTERN_ONLY,Probable,false,true,"Payment doc 42975 contains an internal reversed-and-reallocated line (-53192.50 reversed +53192.50, replaced by -1510.76 + -51681.74, netting to same -53192.50) - clerical decomposition per SKILL_Payment_To_Invoice_Allocation.md 4.5, summed per rule. Lag 19-21d exceeds Tier 4 window."
AL-0006,42976,2026-01-10,PC-76-27,-42516.50,48458,DN#21732,2025-12-23,HEADER,42516.88,42516.50,0.38,PROXIMITY_INFERENCE,PATTERN_ONLY,Probable,false,true,"Diff R0.38. Lag 18d exceeds Tier 4 window (3-14d)."
AL-0007,43246,2026-02-06,PC-76-28,-34877.50,48504,DN#21739,2025-12-26,HEADER,34877.91,34877.50,0.41,PROXIMITY_INFERENCE,PATTERN_ONLY,Probable,false,true,"Diff R0.41 but lag is 42d - well beyond Tier 4's window. Amount tie is compelling but this exceeds normal proximity tolerance materially; recommend explicit operator ratification (override registry) rather than treating as settled."
AL-0008,43247,2026-02-06,PC-76-28,-49588.00,,,,,,-49588.00,UNALLOCATED,ERP_LEDGER,Exception,false,true,"No candidate event (DN-21627, DN#21237, or combination) matches within any reasonable tolerance. Open item pending further investigation or remittance evidence."
AL-0009,44482,2026-05-08,PC-76-31,-75844.50,,,,,,-75844.50,UNALLOCATED,ERP_LEDGER,Exception,false,true,"Operator asserts (WhatsApp-informed) this is a late/arrears catch-up payment for prior invoices - customer was purchasing elsewhere and fell behind. No exact single-event or combined match found against the DN-21627/DN#21237/DN#21541 backlog (combined R176,005.95). Consistent in kind with the FIFO-with-growing-lag pattern (5d to 42d lag through Nov2025-Feb2026) but no cent-level tie. Needs remittance/paper confirmation to close."
AL-0010,44974,2026-06-06,PC-76-32,-40590.60,51132,DN#22630,2026-06-08,HEADER,64900.69,40590.60,24310.09,UNALLOCATED,ERP_LEDGER,Probable,false,true,"Prepayment per SKILL_Payment_To_Invoice_Allocation.md 4.6 (payment_date 2 days before invoice_date) - doctrine default is UNALLOCATED + review_required, not auto-confirm. Split with 44975 across the DN#22630 event net is an operator ASSUMPTION, not ERP-tagged."
AL-0011,44975,2026-06-07,PC-76-32,-63325.00,51132,DN#22630,2026-06-08,HEADER,64900.69,24310.09,39014.91,UNALLOCATED,ERP_LEDGER,Probable,false,true,"Prepayment per 4.6 (1 day before invoice). Remainder of DN#22630 event net after 44974; R39014.91 residual sits in the unallocated surplus pool per the main register."
AL-0012,EXT-2744666881,2026-07-03,Lin001 7.3 13991,-54981.36,51681,DN#22936,2026-07-08,HEADER,53951.69,53951.69,1029.67,PROXIMITY_INFERENCE,bank_receipt + order_no match,Probable,false,true,"Prepayment per 4.6 (5 days before invoice). Bank narration '13991' matches invoice 51681's ERP order_no 00013991 exactly (PROVEN) - stronger than plain proximity, but not a formal remittance advice, so commercially_confirmed stays false and review_required stays true pending operator sign-off."
AL-0013,EXT-2901239645,2026-08-22,HAPPY 8.22,-34721.00,52768,DN#23974,2026-08-24,HEADER,30207.80,30207.80,4513.20,PROXIMITY_INFERENCE,bank_receipt,Probable,false,true,"Prepayment per 4.6 (2 days before invoice). No ref/order_no corroboration beyond amount+date proximity and operator-confirmed bank receipt."
AL-0014,45961,2026-09-01,PC-76-35,-28163.00,52924,DN#24947,2026-09-02,HEADER,5433.70,5433.70,22729.30,UNALLOCATED,ERP_LEDGER,Probable,false,true,"ERP-posted payment (PROVEN as posted) but still a prepayment per 4.6 (1 day before invoice) - the allocation itself, not the payment's existence, is what stays Probable/review_required."
AL-0015,41023,2025-09-03,STAT 118,-45989.00,45867/46108/46118,DN#20337,2025-08-25,HEADER,45992.50,45989.00,3.50,PROXIMITY_INFERENCE,PATTERN_ONLY,Exception,false,true,"RETRACTED leg-scaled-tolerance justification (2025-09-04 test): DN#20106, an equally-6-leg chain including an 11-day-lagged reversal, matched payment 40616 to R0.00 exactly (see AL-0019) - same leg-count, no gap. Leg-count does not explain DN#20337's R3.50 gap. Kept in the ledger as a candidate but downgraded to Exception pending either a real explanation for the R3.50 or a better candidate payment; do not treat as accepted."
AL-0019,40616,2025-08-12,PC-76-22,-47214.58,45154/45169/45348,DN#20106,2025-07-26,HEADER,47214.58,47214.58,0.00,PROXIMITY_INFERENCE,PATTERN_ONLY,Probable,false,true,"Exact-cent match on a 6-leg chain (Inv 45154+45169+45348 - CN13054-13065-13148), including CN13148 'REVERSE INV 45169' dated Aug6, 11 days after the other 5 legs (all Jul26-28). Lag from last leg to payment: 6 days. This is the counter-example that disproves the leg-scaled-tolerance idea tested on AL-0015 - same leg count, zero gap here."
AL-0016,42499(slice),2025-12-05,PC-76-26,-117892.18,46912,DN21098,2025-10-06,HEADER,117892.18,117892.18,0.00,PROXIMITY_INFERENCE,PATTERN_ONLY,Probable,false,true,"Exact-cent match, embedded line in multi-slice doc 42499. Lag 60d - longest confirmed lag this session - exact amount match is the only reason this is kept above Exception."
AL-0017,42499(slice),2025-12-05,PC-76-26,-49362.31,47353/47425,DN#20756,2025-10-28,HEADER,49362.31,49362.31,0.00,PROXIMITY_INFERENCE,PATTERN_ONLY,Probable,false,true,"Exact-cent match, embedded line in multi-slice doc 42499 (reversal+reissue chain: 47353-13772-13773+47425). Lag 37-38d."
AL-0018,41616(slice),2025-10-07,PC-76-24,12615.96,46856,DN#20288,2025-10-03,HEADER,-12615.96,-12615.96,0.00,PROXIMITY_INFERENCE,PATTERN_ONLY,Probable,false,true,"Event net is NEGATIVE (CN 13609 R83260.00 exceeds Inv 46856 R70644.04) - matching payment-doc line is a positive R12615.96 credit-side adjustment, not a debit settlement. Exact-cent match. Lag 3-4d."
