debtor_code,doc_no,entry_type,tx_date,stock_code,standard_weight_group,qty,amount_incl,financial_effect,custody_effect,deposit_rate,custody_exposure,notes
WO0001,00000010,Invoice,2016-11-02,9.2,9kg,1,342,342,1,517.5,517.5,
WO0001,00000007,Crd Note,2016-11-14,9.2,9kg,-1,-342,-342,-1,517.5,-517.5,
WO0001,00000334,Invoice,2017-01-11,9.2,9kg,1,342,342,1,517.5,517.5,
WO0001,00000131,Crd Note,2017-01-31,9.2,9kg,-1,-342,-342,-1,517.5,-517.5,
WO0001,00001480,Invoice,2017-08-23,9.2,9kg,3,1026,1026,3,517.5,1552.5,
WO0001,00000198,Crd Note,2017-09-03,9.2,9kg,-3,-1026,-1026,-3,517.5,-1552.5,
WO0001,00002341,Invoice,2018-01-03,9.2,9kg,6,2052,2052,6,517.5,3105,
WO0001,00002488,Invoice,2018-01-25,9.2,9kg,2,684,684,2,517.5,1035,
WO0001,00000389,Crd Note,2018-02-14,9.2,9kg,-2,-684,-684,-2,517.5,-1035,
WO0001,00002801,Invoice,2018-03-13,9.2,9kg,2,684,684,2,517.5,1035,
WO0001,00002802,Invoice,2018-03-13,9.2,9kg,1,342,342,1,517.5,517.5,
WO0001,00000419,Crd Note,2018-03-23,9.2,9kg,-2,-684,-684,-2,517.5,-1035,
WO0001,00000420,Crd Note,2018-03-23,9.2,9kg,-1,-342,-342,-1,517.5,-517.5,
WO0001,00002926,Invoice,2018-04-03,9.2,9kg,3,1026,1026,3,517.5,1552.5,
WO0001,00000450,Crd Note,2018-04-22,9.2,9kg,-3,-1026,-1026,-3,517.5,-1552.5,
WO0001,00001398,Crd Note,2021-05-20,14.1,14kg,-4,0,0,-4,575,-2300,
WO0001,00001398,Crd Note,2021-05-20,9.1,9kg,-8,0,0,-8,517.5,-4140,
WO0001,00001398,Crd Note,2021-05-20,19.1,19kg,-13,0,0,-13,690,-8970,
WO0001,00008523,Invoice,2021-05-20,19.1,19kg,5,0,0,5,690,3450,
WO0001,00008523,Invoice,2021-05-20,14.1,14kg,5,0,0,5,575,2875,
WO0001,00008523,Invoice,2021-05-20,9.1,9kg,15,0,0,15,517.5,7762.5,
WO0001,00001746,Crd Note,2021-06-20,14.1,14kg,-5,0,0,-5,575,-2875,
WO0001,00001746,Crd Note,2021-06-20,9.1,9kg,-30,0,0,-30,517.5,-15525,
WO0001,00001746,Crd Note,2021-06-20,19.1,19kg,-10,0,0,-10,690,-6900,
WO0001,00008919,Invoice,2021-06-20,14.1,14kg,5,0,0,5,575,2875,
WO0001,00008919,Invoice,2021-06-20,19.1,19kg,10,0,0,10,690,6900,
WO0001,00008919,Invoice,2021-06-20,9.1,9kg,30,0,0,30,517.5,15525,
WO0001,00008926,Invoice,2021-06-20,14.1,14kg,7,0,0,7,575,4025,
WO0001,00008926,Invoice,2021-06-20,19.1,19kg,7,0,0,7,690,4830,
WO0001,00008926,Invoice,2021-06-20,9.1,9kg,35,0,0,35,517.5,18112.5,
WO0001,00001757,Crd Note,2021-06-21,14.1,14kg,-8,0,0,-8,575,-4600,
WO0001,00001757,Crd Note,2021-06-21,19.1,19kg,-8,0,0,-8,690,-5520,
WO0001,00001757,Crd Note,2021-06-21,9.1,9kg,-33,0,0,-33,517.5,-17077.5,
WO0001,00009827,Invoice,2021-08-17,19.1,19kg,5,0,0,5,690,3450,
WO0001,00009827,Invoice,2021-08-17,14.1,14kg,5,0,0,5,575,2875,
WO0001,00009827,Invoice,2021-08-17,9.1,9kg,30,0,0,30,517.5,15525,
WO0001,00002302,Crd Note,2021-08-27,14.1,14kg,-8,0,0,-8,575,-4600,
WO0001,00002302,Crd Note,2021-08-27,19.1,19kg,-9,0,0,-9,690,-6210,
WO0001,00002302,Crd Note,2021-08-27,9.1,9kg,-23,0,0,-23,517.5,-11902.5,
WO0001,00009959,Invoice,2021-08-27,19.1,19kg,10,0,0,10,690,6900,
WO0001,00009959,Invoice,2021-08-27,9.1,9kg,20,0,0,20,517.5,10350,
WO0001,00009959,Invoice,2021-08-27,14.1,14kg,10,0,0,10,575,5750,
WO0001,00010062,Invoice,2021-09-03,9.1,9kg,30,0,0,30,517.5,15525,
WO0001,00010062,Invoice,2021-09-03,19.1,19kg,10,0,0,10,690,6900,
WO0001,00002353,Crd Note,2021-09-05,19.1,19kg,-1,0,0,-1,690,-690,
WO0001,00002353,Crd Note,2021-09-05,14.1,14kg,-4,0,0,-4,575,-2300,
WO0001,00002353,Crd Note,2021-09-05,9.1,9kg,-35,0,0,-35,517.5,-18112.5,
WO0001,00002426,Crd Note,2021-09-14,14.1,14kg,-4,-1380,-1380,-4,575,-2300,
WO0001,00002426,Crd Note,2021-09-14,19.1,19kg,-8,-2760,-2760,-8,690,-5520,
WO0001,00002426,Crd Note,2021-09-14,9.1,9kg,-28,-9660,-9660,-28,517.5,-14490,
WO0001,00010192,Invoice,2021-09-14,14.1,14kg,5,1725,1725,5,575,2875,
WO0001,00010192,Invoice,2021-09-14,9.1,9kg,30,10350,10350,30,517.5,15525,
WO0001,00010192,Invoice,2021-09-14,19.1,19kg,5,1725,1725,5,690,3450,
WO0001,00010315,Invoice,2021-09-22,14.1,14kg,5,0,0,5,575,2875,
WO0001,00010315,Invoice,2021-09-22,19.1,19kg,10,0,0,10,690,6900,
WO0001,00010315,Invoice,2021-09-22,9.1,9kg,20,0,0,20,517.5,10350,
WO0001,00002557,Crd Note,2021-09-30,9.1,9kg,-17,-5865,-5865,-17,517.5,-8797.5,
WO0001,00002557,Crd Note,2021-09-30,14.1,14kg,-2,-690,-690,-2,575,-1150,
WO0001,00002557,Crd Note,2021-09-30,19.1,19kg,-9,-3105,-3105,-9,690,-6210,
WO0001,00010428,Invoice,2021-09-30,14.1,14kg,5,1725,1725,5,575,2875,
WO0001,00010428,Invoice,2021-09-30,19.1,19kg,5,1725,1725,5,690,3450,
WO0001,00010428,Invoice,2021-09-30,9.1,9kg,35,12075,12075,35,517.5,18112.5,
WO0001,00010660,Invoice,2021-10-10,9.1,9kg,30,10350,10350,30,517.5,15525,
WO0001,00010660,Invoice,2021-10-10,14.1,14kg,5,1725,1725,5,575,2875,
WO0001,00010660,Invoice,2021-10-10,19.1,19kg,5,1725,1725,5,690,3450,
WO0001,00002651,Crd Note,2021-10-11,14.1,14kg,-5,-1725,-1725,-5,575,-2875,
WO0001,00002651,Crd Note,2021-10-11,9.1,9kg,-27,-9315,-9315,-27,517.5,-13972.5,
WO0001,00002651,Crd Note,2021-10-11,19.1,19kg,-8,-2760,-2760,-8,690,-5520,
WO0001,00002675,Crd Note,2021-10-15,9.1,9kg,-21,-7245,-7245,-21,517.5,-10867.5,
WO0001,00002675,Crd Note,2021-10-15,14.1,14kg,-6,-2070,-2070,-6,575,-3450,
WO0001,00002675,Crd Note,2021-10-15,D.1,D.1,-1,-345,-345,-1,1150,-1150,
WO0001,00002675,Crd Note,2021-10-15,19.1,19kg,-7,-2415,-2415,-7,690,-4830,
WO0001,00010712,Invoice,2021-10-15,14.1,14kg,5,1725,1725,5,575,2875,
WO0001,00010712,Invoice,2021-10-15,9.1,9kg,15,5175,5175,15,517.5,7762.5,
WO0001,00010712,Invoice,2021-10-15,19.1,19kg,15,5175,5175,15,690,10350,
WO0001,00002777,Crd Note,2021-10-28,14.1,14kg,-4,-1380,-1380,-4,575,-2300,
WO0001,00002777,Crd Note,2021-10-28,19.1,19kg,-6,-2070,-2070,-6,690,-4140,
WO0001,00002777,Crd Note,2021-10-28,9.1,9kg,-30,-10350,-10350,-30,517.5,-15525,
WO0001,00010975,Invoice,2021-10-28,9.1,9kg,30,10350,10350,30,517.5,15525,
WO0001,00010975,Invoice,2021-10-28,14.1,14kg,5,1725,1725,5,575,2875,
WO0001,00010975,Invoice,2021-10-28,19.1,19kg,5,1725,1725,5,690,3450,
WO0001,00002859,Crd Note,2021-11-08,14.1,14kg,-8,-2760,-2760,-8,575,-4600,
WO0001,00002859,Crd Note,2021-11-08,9.1,9kg,-26,-8970,-8970,-26,517.5,-13455,
WO0001,00002859,Crd Note,2021-11-08,19.1,19kg,-8,-2760,-2760,-8,690,-5520,
WO0001,00011148,Invoice,2021-11-08,9.1,9kg,30,10350,10350,30,517.5,15525,
WO0001,00011148,Invoice,2021-11-08,19.1,19kg,6,2070,2070,6,690,4140,
WO0001,00011148,Invoice,2021-11-08,14.1,14kg,6,2070,2070,6,575,3450,
WO0001,00011467,Invoice,2021-11-28,19.1,19kg,6,2070,2070,6,690,4140,
WO0001,00011467,Invoice,2021-11-28,9.1,9kg,30,10350,10350,30,517.5,15525,
WO0001,00011467,Invoice,2021-11-28,14.1,14kg,6,2070,2070,6,575,3450,
WO0001,00002982,Crd Note,2021-11-29,9.1,9kg,-31,-10695,-10695,-31,517.5,-16042.5,
WO0001,00002982,Crd Note,2021-11-29,14.1,14kg,-4,-1380,-1380,-4,575,-2300,
WO0001,00002982,Crd Note,2021-11-29,19.1,19kg,-7,-2415,-2415,-7,690,-4830,
WO0001,00003085,Crd Note,2022-01-06,9.1,9kg,-4,-1380,-1380,-4,517.5,-2070,
WO0001,00012034,Invoice,2022-01-19,9.1,9kg,20,0,0,20,517.5,10350,
WO0001,00012034,Invoice,2022-01-19,14.1,14kg,10,0,0,10,575,5750,
WO0001,00003176,Crd Note,2022-01-31,14.1,14kg,-3,0,0,-3,575,-1725,
WO0001,00003176,Crd Note,2022-01-31,19.1,19kg,-1,-345,-345,-1,690,-690,
WO0001,00003176,Crd Note,2022-01-31,9.1,9kg,-20,0,0,-20,517.5,-10350,
WO0001,00003176,Crd Note,2022-01-31,9.1,9kg,-3,-1035,-1035,-3,517.5,-1552.5,
WO0001,00003176,Crd Note,2022-01-31,19.1,19kg,-5,0,0,-5,690,-3450,
WO0001,00012112,Invoice,2022-01-31,19.1,19kg,5,0,0,5,690,3450,
WO0001,00012112,Invoice,2022-01-31,14.1,14kg,3,0,0,3,575,1725,
WO0001,00012112,Invoice,2022-01-31,9.1,9kg,20,0,0,20,517.5,10350,
WO0001,00003213,Crd Note,2022-02-08,19.1,19kg,-10,-3450,-3450,-10,690,-6900,
WO0001,00003213,Crd Note,2022-02-08,14.1,14kg,-5,-1725,-1725,-5,575,-2875,
WO0001,00003213,Crd Note,2022-02-08,9.1,9kg,-20,-6900,-6900,-20,517.5,-10350,
WO0001,00012214,Invoice,2022-02-08,14.1,14kg,5,1725,1725,5,575,2875,
WO0001,00012214,Invoice,2022-02-08,9.1,9kg,20,6900,6900,20,517.5,10350,
WO0001,00012214,Invoice,2022-02-08,19.1,19kg,10,3450,3450,10,690,6900,
WO0001,00003214,Crd Note,2022-02-09,9.1,9kg,-23,-7935,-7935,-23,517.5,-11902.5,
WO0001,00003214,Crd Note,2022-02-09,14.1,14kg,-9,-3105,-3105,-9,575,-5175,
WO0001,00003214,Crd Note,2022-02-09,19.1,19kg,-2,-690,-690,-2,690,-1380,
WO0001,00012223,Invoice,2022-02-09,14.1,14kg,5,1725,1725,5,575,2875,
WO0001,00012223,Invoice,2022-02-09,19.1,19kg,9,3105,3105,9,690,6210,
WO0001,00012223,Invoice,2022-02-09,9.1,9kg,20,6900,6900,20,517.5,10350,
WO0001,00003252,Crd Note,2022-02-18,9.1,9kg,-29,-10005,-10005,-29,517.5,-15007.5,
WO0001,00003252,Crd Note,2022-02-18,19.1,19kg,-7,-2415,-2415,-7,690,-4830,
WO0001,00003252,Crd Note,2022-02-18,14.1,14kg,-5,-1725,-1725,-5,575,-2875,
WO0001,00012333,Invoice,2022-02-18,19.1,19kg,7,2415,2415,7,690,4830,
WO0001,00012333,Invoice,2022-02-18,9.1,9kg,30,10350,10350,30,517.5,15525,
WO0001,00012333,Invoice,2022-02-18,14.1,14kg,5,1725,1725,5,575,2875,
WO0001,00012465,Invoice,2022-03-03,9.1,9kg,25,8625,8625,25,517.5,12937.5,
WO0001,00012465,Invoice,2022-03-03,14.1,14kg,7,2415,2415,7,575,4025,
WO0001,00012465,Invoice,2022-03-03,19.1,19kg,7,2415,2415,7,690,4830,
WO0001,00003295,Crd Note,2022-03-04,14.1,14kg,-7,-2415,-2415,-7,575,-4025,
WO0001,00003295,Crd Note,2022-03-04,19.1,19kg,-7,-2415,-2415,-7,690,-4830,
WO0001,00003295,Crd Note,2022-03-04,9.1,9kg,-25,-8625,-8625,-25,517.5,-12937.5,
WO0001,00012597,Invoice,2022-03-14,19.1,19kg,10,3450,3450,10,690,6900,
WO0001,00012597,Invoice,2022-03-14,9.1,9kg,30,10350,10350,30,517.5,15525,
WO0001,00003334,Crd Note,2022-03-15,19.1,19kg,-10,-3450,-3450,-10,690,-6900,
WO0001,00003334,Crd Note,2022-03-15,9.1,9kg,-30,-10350,-10350,-30,517.5,-15525,
WO0001,00012825,Invoice,2022-04-05,9.1,9kg,25,8625,8625,25,517.5,12937.5,
WO0001,00012825,Invoice,2022-04-05,14.1,14kg,10,3450,3450,10,575,5750,
WO0001,00003360,Crd Note,2022-04-06,9.1,9kg,-29,-10005,-10005,-29,517.5,-15007.5,
WO0001,00003360,Crd Note,2022-04-06,14.1,14kg,-3,-1035,-1035,-3,575,-1725,
WO0001,00003360,Crd Note,2022-04-06,9.1,9kg,-3,-1035,-1035,-3,517.5,-1552.5,
WO0001,00003384,Crd Note,2022-04-15,S.1,S.1,-1,-1393.91,-1393.91,-1,1150,-1150,
WO0001,00003389,Crd Note,2022-04-15,9.1,9kg,-30,-10350,-10350,-30,517.5,-15525,
WO0001,00003389,Crd Note,2022-04-15,19.1,19kg,-5,-1725,-1725,-5,690,-3450,
WO0001,00003389,Crd Note,2022-04-15,S.1,S.1,-1,-345,-345,-1,1150,-1150,
WO0001,00012972,Invoice,2022-04-15,S.1,S.1,1,1393.91,1393.91,1,1150,1150,
WO0001,00012982,Invoice,2022-04-15,S.1,S.1,1,345,345,1,1150,1150,
WO0001,00012982,Invoice,2022-04-15,19.1,19kg,5,1725,1725,5,690,3450,
WO0001,00012982,Invoice,2022-04-15,9.1,9kg,30,10350,10350,30,517.5,15525,
WO0001,00012989,Invoice,2022-04-15,19.1,19kg,5,1725,1725,5,690,3450,
WO0001,00012989,Invoice,2022-04-15,9.1,9kg,30,10350,10350,30,517.5,15525,
WO0001,00012989,Invoice,2022-04-15,S.1,S.1,1,345,345,1,1150,1150,
WO0001,00003400,Crd Note,2022-04-18,S.1,S.1,-1,-345,-345,-1,1150,-1150,
WO0001,00003400,Crd Note,2022-04-18,19.1,19kg,-5,-1725,-1725,-5,690,-3450,
WO0001,00003400,Crd Note,2022-04-18,9.1,9kg,-30,-10350,-10350,-30,517.5,-15525,
WO0001,00013140,Invoice,2022-04-25,19.1,19kg,3,888.14,888.14,3,690,2070,
WO0001,00013140,Invoice,2022-04-25,14.1,14kg,5,1480.22,1480.22,5,575,2875,
WO0001,00013140,Invoice,2022-04-25,9.1,9kg,30,10350,10350,30,517.5,15525,
WO0001,00003467,Crd Note,2022-04-27,14.1,14kg,-5,-1480.22,-1480.22,-5,575,-2875,
WO0001,00003467,Crd Note,2022-04-27,9.1,9kg,-30,-10350,-10350,-30,517.5,-15525,
WO0001,00003467,Crd Note,2022-04-27,19.1,19kg,-3,-888.14,-888.14,-3,690,-2070,
WO0001,00003535,Crd Note,2022-05-06,19.1,19kg,-7,-2415,-2415,-7,690,-4830,
WO0001,00003535,Crd Note,2022-05-06,14.1,14kg,-10,-3450,-3450,-10,575,-5750,
WO0001,00003535,Crd Note,2022-05-06,9.1,9kg,-20,-6900,-6900,-20,517.5,-10350,
WO0001,00013326,Invoice,2022-05-06,9.1,9kg,20,6900,6900,20,517.5,10350,
WO0001,00013326,Invoice,2022-05-06,14.1,14kg,10,3450,3450,10,575,5750,
WO0001,00013326,Invoice,2022-05-06,19.1,19kg,7,2415,2415,7,690,4830,
WO0001,00013579,Invoice,2022-05-19,14.1,14kg,8,4105.13,4105.13,8,575,4600,
WO0001,00013579,Invoice,2022-05-19,9.1,9kg,30,15394.25,15394.25,30,517.5,15525,
WO0001,00013579,Invoice,2022-05-19,19.1,19kg,8,4105.13,4105.13,8,690,5520,
WO0001,00003612,Crd Note,2022-05-20,14.1,14kg,-8,-4105.13,-4105.13,-8,575,-4600,
WO0001,00003612,Crd Note,2022-05-20,19.1,19kg,-8,-4105.13,-4105.13,-8,690,-5520,
WO0001,00003612,Crd Note,2022-05-20,9.1,9kg,-30,-15394.25,-15394.25,-30,517.5,-15525,
WO0001,00003805,Crd Note,2022-08-04,14.1,14kg,-10,-5980,-5980,-10,575,-5750,
WO0001,00003805,Crd Note,2022-08-04,9.1,9kg,-20,-11960,-11960,-20,517.5,-10350,
WO0001,00003805,Crd Note,2022-08-04,19.1,19kg,-10,-5980,-5980,-10,690,-6900,
WO0001,00014939,Invoice,2022-08-04,14.1,14kg,10,5980,5980,10,575,5750,
WO0001,00014939,Invoice,2022-08-04,9.1,9kg,20,11960,11960,20,517.5,10350,
WO0001,00014939,Invoice,2022-08-04,19.1,19kg,5,2990,2990,5,690,3450,
WO0001,00003827,Crd Note,2022-08-10,14.1,14kg,-3,-1794,-1794,-3,575,-1725,
WO0001,00003827,Crd Note,2022-08-10,9.1,9kg,-15,-8970,-8970,-15,517.5,-7762.5,
WO0001,00003827,Crd Note,2022-08-10,D.1,D.1,-1,-598,-598,-1,1150,-1150,
WO0001,00015019,Invoice,2022-08-10,9.1,9kg,15,8970,8970,15,517.5,7762.5,
WO0001,00015019,Invoice,2022-08-10,14.1,14kg,5,2990,2990,5,575,2875,
WO0001,00015019,Invoice,2022-08-10,19.1,19kg,7,4186,4186,7,690,4830,
WO0001,00015379,Invoice,2022-08-29,19.1,19kg,10,5980,5980,10,690,6900,
WO0001,00015379,Invoice,2022-08-29,9.1,9kg,30,17940,17940,30,517.5,15525,
WO0001,00015379,Invoice,2022-08-29,14.1,14kg,10,5980,5980,10,575,5750,
WO0001,00003988,Crd Note,2022-08-30,14.1,14kg,-4,-2392,-2392,-4,575,-2300,
WO0001,00003988,Crd Note,2022-08-30,9.1,9kg,-30,-17940,-17940,-30,517.5,-15525,
WO0001,00003988,Crd Note,2022-08-30,19.1,19kg,-4,-2392,-2392,-4,690,-2760,
WO0001,00004165,Crd Note,2022-10-09,9.1,9kg,-22,-13156,-13156,-22,517.5,-11385,
WO0001,00004165,Crd Note,2022-10-09,14.1,14kg,-9,-5382,-5382,-9,575,-5175,
WO0001,00004165,Crd Note,2022-10-09,19.1,19kg,-9,-5382,-5382,-9,690,-6210,
WO0001,00015965,Invoice,2022-10-09,19.1,19kg,20,11960,11960,20,690,13800,
WO0001,00015965,Invoice,2022-10-09,9.1,9kg,15,8970,8970,15,517.5,7762.5,
WO0001,00004183,Crd Note,2022-10-12,9.1,9kg,-10,-5980,-5980,-10,517.5,-5175,
WO0001,00004183,Crd Note,2022-10-12,19.1,19kg,-24,-14352,-14352,-24,690,-16560,
WO0001,00004183,Crd Note,2022-10-12,14.1,14kg,-1,-598,-598,-1,575,-575,
WO0001,00016029,Invoice,2022-10-12,9.1,9kg,20,11960,11960,20,517.5,10350,
WO0001,00016029,Invoice,2022-10-12,19.1,19kg,10,5980,5980,10,690,6900,
WO0001,00016029,Invoice,2022-10-12,14.1,14kg,5,2990,2990,5,575,2875,
WO0001,00004235,Crd Note,2022-10-27,9.1,9kg,-18,-10764,-10764,-18,517.5,-9315,
WO0001,00004235,Crd Note,2022-10-27,14.1,14kg,-1,-598,-598,-1,575,-575,
WO0001,00004235,Crd Note,2022-10-27,19.1,19kg,-6,-3588,-3588,-6,690,-4140,
WO0001,00016245,Invoice,2022-10-27,9.1,9kg,10,5980,5980,10,517.5,5175,
WO0001,00016245,Invoice,2022-10-27,19.1,19kg,20,11960,11960,20,690,13800,
WO0001,00004298,Crd Note,2022-11-15,19.1,19kg,-5,-2990,-2990,-5,690,-3450,
WO0001,00004299,Crd Note,2022-11-15,14.1,14kg,-3,-1794,-1794,-3,575,-1725,
WO0001,00004299,Crd Note,2022-11-15,19.1,19kg,-9,-5382,-5382,-9,690,-6210,
WO0001,00004299,Crd Note,2022-11-15,9.1,9kg,-18,-10764,-10764,-18,517.5,-9315,
WO0001,00004300,Crd Note,2022-11-15,19.1,19kg,-5,-2990,-2990,-5,690,-3450,
WO0001,00004301,Crd Note,2022-11-15,14.1,14kg,-1,-597.82,-597.82,-1,575,-575,
WO0001,00004301,Crd Note,2022-11-15,19.1,19kg,-1,-598,-598,-1,690,-690,
WO0001,00004301,Crd Note,2022-11-15,9.1,9kg,-8,-4784,-4784,-8,517.5,-4140,
WO0001,00016466,Invoice,2022-11-15,19.1,19kg,20,11960,11960,20,690,13800,
WO0001,00016466,Invoice,2022-11-15,9.1,9kg,15,8970,8970,15,517.5,7762.5,
WO0001,00016690,Invoice,2022-12-02,9.1,9kg,20,11960,11960,20,517.5,10350,
WO0001,00016690,Invoice,2022-12-02,19.1,19kg,10,5980,5980,10,690,6900,
WO0001,00016690,Invoice,2022-12-02,14.1,14kg,5,2990,2990,5,575,2875,
WO0001,00004345,Crd Note,2022-12-03,14.1,14kg,-10,-5980,-5980,-10,575,-5750,
WO0001,00004345,Crd Note,2022-12-03,19.1,19kg,-10,-5980,-5980,-10,690,-6900,
WO0001,00004345,Crd Note,2022-12-03,9.1,9kg,-20,-11960,-11960,-20,517.5,-10350,
WO0001,00004407,Crd Note,2022-12-20,9.1,9kg,-17,-10166,-10166,-17,517.5,-8797.5,
WO0001,00004407,Crd Note,2022-12-20,14.1,14kg,-4,-2392,-2392,-4,575,-2300,
WO0001,00004407,Crd Note,2022-12-20,19.1,19kg,-5,-2990,-2990,-5,690,-3450,
WO0001,00016986,Invoice,2022-12-20,14.1,14kg,5,2990,2990,5,575,2875,
WO0001,00016986,Invoice,2022-12-20,9.1,9kg,30,17940,17940,30,517.5,15525,
WO0001,00004409,Crd Note,2022-12-21,9.1,9kg,-30,-17940,-17940,-30,517.5,-15525,
WO0001,00004409,Crd Note,2022-12-21,14.1,14kg,-5,-2990,-2990,-5,575,-2875,
WO0001,00016987,Invoice,2022-12-21,14.1,14kg,5,2990,2990,5,575,2875,
WO0001,00016987,Invoice,2022-12-21,9.1,9kg,30,17940,17940,30,517.5,15525,
WO0001,00004442,Crd Note,2023-01-03,19.1,19kg,-7,-4186,-4186,-7,690,-4830,
WO0001,00004442,Crd Note,2023-01-03,14.1,14kg,-1,-598,-598,-1,575,-575,
WO0001,00017352,Invoice,2023-01-20,9.1,9kg,4,1380,1380,4,517.5,2070,
WO0001,00017352,Invoice,2023-01-20,19.1,19kg,10,3450,3450,10,690,6900,
WO0001,00017582,Invoice,2023-02-12,9.1,9kg,7,2415,2415,7,517.5,3622.5,
WO0001,00004542,Crd Note,2023-02-21,9.1,9kg,-7,-2415,-2415,-7,517.5,-3622.5,
WO0001,00004543,Crd Note,2023-02-21,9.1,9kg,-3,-1035,-1035,-3,517.5,-1552.5,
WO0001,00017815,Invoice,2023-02-23,9.1,9kg,3,1035,1035,3,517.5,1552.5,
WO0001,00004643,Crd Note,2023-03-24,9.1,9kg,-17,-5865,-5865,-17,517.5,-8797.5,
WO0001,00004643,Crd Note,2023-03-24,14.1,14kg,-1,-345,-345,-1,575,-575,
WO0001,00004643,Crd Note,2023-03-24,19.1,19kg,-7,-2415,-2415,-7,690,-4830,
WO0001,00018750,Invoice,2023-03-24,9.1,9kg,15,5175,5175,15,517.5,7762.5,
WO0001,00018750,Invoice,2023-03-24,14.1,14kg,5,1725,1725,5,575,2875,
WO0001,00018750,Invoice,2023-03-24,19.1,19kg,5,1725,1725,5,690,3450,
WO0001,00004665,Crd Note,2023-03-31,9.1,9kg,-10,-3450,-3450,-10,517.5,-5175,
WO0001,00004665,Crd Note,2023-03-31,19.1,19kg,-10,-3450,-3450,-10,690,-6900,
WO0001,00018961,Invoice,2023-03-31,19.1,19kg,10,3450,3450,10,690,6900,
WO0001,00018961,Invoice,2023-03-31,9.1,9kg,10,3450,3450,10,517.5,5175,
WO0001,00004716,Crd Note,2023-04-13,9.1,9kg,-20,-6900,-6900,-20,517.5,-10350,
WO0001,00004716,Crd Note,2023-04-13,14.1,14kg,-5,-1725,-1725,-5,575,-2875,
WO0001,00004716,Crd Note,2023-04-13,19.1,19kg,-10,-3450,-3450,-10,690,-6900,
WO0001,00019318,Invoice,2023-04-13,9.1,9kg,20,6900,6900,20,517.5,10350,
WO0001,00019318,Invoice,2023-04-13,19.1,19kg,10,3450,3450,10,690,6900,
WO0001,00019318,Invoice,2023-04-13,14.1,14kg,5,1725,1725,5,575,2875,
WO0001,00004743,Crd Note,2023-04-17,14.1,14kg,-5,-1725,-1725,-5,575,-2875,
WO0001,00004743,Crd Note,2023-04-17,19.1,19kg,-10,-3450,-3450,-10,690,-6900,
WO0001,00004743,Crd Note,2023-04-17,9.1,9kg,-10,-3450,-3450,-10,517.5,-5175,
WO0001,00019449,Invoice,2023-04-17,19.1,19kg,10,3450,3450,10,690,6900,
WO0001,00019449,Invoice,2023-04-17,14.1,14kg,5,1725,1725,5,575,2875,
WO0001,00019449,Invoice,2023-04-17,9.1,9kg,10,3450,3450,10,517.5,5175,
WO0001,00004838,Crd Note,2023-05-02,19.1,19kg,-18,-6210,-6210,-18,690,-12420,
WO0001,00004838,Crd Note,2023-05-02,14.1,14kg,-3,-1035,-1035,-3,575,-1725,
WO0001,00004838,Crd Note,2023-05-02,9.1,9kg,-24,-8280,-8280,-24,517.5,-12420,
WO0001,00019880,Invoice,2023-05-02,9.1,9kg,20,6900,6900,20,517.5,10350,
WO0001,00019880,Invoice,2023-05-02,19.1,19kg,10,3450,3450,10,690,6900,
WO0001,00004932,Crd Note,2023-05-11,14.1,14kg,-2,-690,-690,-2,575,-1150,
WO0001,00004932,Crd Note,2023-05-11,19.1,19kg,-7,-2415,-2415,-7,690,-4830,
WO0001,00004932,Crd Note,2023-05-11,9.1,9kg,-16,-5520,-5520,-16,517.5,-8280,
WO0001,00020186,Invoice,2023-05-11,9.1,9kg,15,5175,5175,15,517.5,7762.5,
WO0001,00020186,Invoice,2023-05-11,14.1,14kg,5,1725,1725,5,575,2875,
WO0001,00020186,Invoice,2023-05-11,19.1,19kg,5,1725,1725,5,690,3450,
WO0001,00004972,Crd Note,2023-05-17,9.1,9kg,-15,-5175,-5175,-15,517.5,-7762.5,
WO0001,00004972,Crd Note,2023-05-17,19.1,19kg,-5,-1725,-1725,-5,690,-3450,
WO0001,00020341,Invoice,2023-05-17,9.1,9kg,15,5175,5175,15,517.5,7762.5,
WO0001,00020341,Invoice,2023-05-17,19.1,19kg,5,1725,1725,5,690,3450,
WO0001,00005087,Crd Note,2023-05-29,19.1,19kg,-13,-4485,-4485,-13,690,-8970,
WO0001,00005087,Crd Note,2023-05-29,14.1,14kg,-1,-345,-345,-1,575,-575,
WO0001,00005087,Crd Note,2023-05-29,9.1,9kg,-16,-5520,-5520,-16,517.5,-8280,
WO0001,00020792,Invoice,2023-05-29,14.1,14kg,5,1725,1725,5,575,2875,
WO0001,00020792,Invoice,2023-05-29,19.1,19kg,5,1725,1725,5,690,3450,
WO0001,00020792,Invoice,2023-05-29,9.1,9kg,20,6900,6900,20,517.5,10350,
WO0001,00005115,Crd Note,2023-06-01,19.1,19kg,-6,-2070,-2070,-6,690,-4140,
WO0001,00005115,Crd Note,2023-06-01,14.1,14kg,-5,-1725,-1725,-5,575,-2875,
WO0001,00005115,Crd Note,2023-06-01,9.1,9kg,-4,-1380,-1380,-4,517.5,-2070,
WO0001,00020894,Invoice,2023-06-01,19.1,19kg,10,3450,3450,10,690,6900,
WO0001,00020894,Invoice,2023-06-01,9.1,9kg,20,6900,6900,20,517.5,10350,
WO0001,00020894,Invoice,2023-06-01,14.1,14kg,5,1725,1725,5,575,2875,
WO0001,00005180,Crd Note,2023-06-08,9.1,9kg,-30,-10350,-10350,-30,517.5,-15525,
WO0001,00005180,Crd Note,2023-06-08,19.1,19kg,-5,-1725,-1725,-5,690,-3450,
WO0001,00021176,Invoice,2023-06-08,19.1,19kg,5,1725,1725,5,690,3450,
WO0001,00021176,Invoice,2023-06-08,9.1,9kg,30,10350,10350,30,517.5,15525,
WO0001,00005251,Crd Note,2023-06-16,9.1,9kg,-9,-3105,-3105,-9,517.5,-4657.5,
WO0001,00005251,Crd Note,2023-06-16,14.1,14kg,-1,-345,-345,-1,575,-575,
WO0001,00005251,Crd Note,2023-06-16,19.1,19kg,-5,-1725,-1725,-5,690,-3450,
WO0001,00021409,Invoice,2023-06-16,9.1,9kg,10,3450,3450,10,517.5,5175,
WO0001,00021409,Invoice,2023-06-16,14.1,14kg,5,1725,1725,5,575,2875,
WO0001,00005362,Crd Note,2023-06-28,14.1,14kg,-3,-1035,-1035,-3,575,-1725,
WO0001,00005362,Crd Note,2023-06-28,9.1,9kg,-22,-7590,-7590,-22,517.5,-11385,
WO0001,00005362,Crd Note,2023-06-28,19.1,19kg,-5,-1725,-1725,-5,690,-3450,
WO0001,00021785,Invoice,2023-06-28,19.1,19kg,5,1725,1725,5,690,3450,
WO0001,00021785,Invoice,2023-06-28,9.1,9kg,25,8625,8625,25,517.5,12937.5,
WO0001,00005427,Crd Note,2023-07-03,14.1,14kg,-3,-1035,-1035,-3,575,-1725,
WO0001,00005427,Crd Note,2023-07-03,19.1,19kg,-4,-1380,-1380,-4,690,-2760,
WO0001,00005427,Crd Note,2023-07-03,9.1,9kg,-5,-1725,-1725,-5,517.5,-2587.5,
WO0001,00021990,Invoice,2023-07-03,19.1,19kg,5,1725,1725,5,690,3450,
WO0001,00021990,Invoice,2023-07-03,9.1,9kg,10,3450,3450,10,517.5,5175,
WO0001,00005543,Crd Note,2023-07-14,14.1,14kg,-5,-1725,-1725,-5,575,-2875,
WO0001,00005543,Crd Note,2023-07-14,9.1,9kg,-25,-8625,-8625,-25,517.5,-12937.5,
WO0001,00005543,Crd Note,2023-07-14,19.1,19kg,-6,-2070,-2070,-6,690,-4140,
WO0001,00022412,Invoice,2023-07-14,14.1,14kg,3,1035,1035,3,575,1725,
WO0001,00022412,Invoice,2023-07-14,9.1,9kg,30,10350,10350,30,517.5,15525,
WO0001,00022412,Invoice,2023-07-14,19.1,19kg,3,1035,1035,3,690,2070,
WO0001,00005673,Crd Note,2023-07-25,14.1,14kg,-2,-690,-690,-2,575,-1150,
WO0001,00005673,Crd Note,2023-07-25,19.1,19kg,-17,-5865,-5865,-17,690,-11730,
WO0001,00005673,Crd Note,2023-07-25,9.1,9kg,-6,-2070,-2070,-6,517.5,-3105,
WO0001,00022800,Invoice,2023-07-25,9.1,9kg,15,5175,5175,15,517.5,7762.5,
WO0001,00022800,Invoice,2023-07-25,19.1,19kg,5,1725,1725,5,690,3450,
WO0001,00022800,Invoice,2023-07-25,14.1,14kg,5,1725,1725,5,575,2875,
WO0001,00005801,Crd Note,2023-08-04,14.1,14kg,-4,-1380,-1380,-4,575,-2300,
WO0001,00005801,Crd Note,2023-08-04,19.1,19kg,-8,-2760,-2760,-8,690,-5520,
WO0001,00005801,Crd Note,2023-08-04,9.1,9kg,-23,-7935,-7935,-23,517.5,-11902.5,
WO0001,00023155,Invoice,2023-08-04,9.1,9kg,25,8625,8625,25,517.5,12937.5,
WO0001,00023155,Invoice,2023-08-04,14.1,14kg,5,1725,1725,5,575,2875,
WO0001,00023155,Invoice,2023-08-04,19.1,19kg,5,1725,1725,5,690,3450,
WO0001,00005905,Crd Note,2023-08-15,9.1,9kg,-24,-8280,-8280,-24,517.5,-12420,
WO0001,00005905,Crd Note,2023-08-15,19.1,19kg,-5,-1725,-1725,-5,690,-3450,
WO0001,00005905,Crd Note,2023-08-15,14.1,14kg,-1,-345,-345,-1,575,-575,
WO0001,00023485,Invoice,2023-08-15,9.1,9kg,20,6900,6900,20,517.5,10350,
WO0001,00023485,Invoice,2023-08-15,19.1,19kg,5,1725,1725,5,690,3450,
WO0001,00023485,Invoice,2023-08-15,14.1,14kg,5,1725,1725,5,575,2875,
WO0001,00023979,Invoice,2023-08-30,19.1,19kg,10,3450,3450,10,690,6900,
WO0001,00023979,Invoice,2023-08-30,9.1,9kg,15,5175,5175,15,517.5,7762.5,
WO0001,00006061,Crd Note,2023-08-31,9.1,9kg,-15,-5175,-5175,-15,517.5,-7762.5,
WO0001,00006061,Crd Note,2023-08-31,19.1,19kg,-10,-3450,-3450,-10,690,-6900,
WO0001,00006213,Crd Note,2023-09-12,19.1,19kg,-1,-345,-345,-1,690,-690,
WO0001,00006213,Crd Note,2023-09-12,14.1,14kg,-1,-345,-345,-1,575,-575,
WO0001,00006213,Crd Note,2023-09-12,9.1,9kg,-13,-4485,-4485,-13,517.5,-6727.5,
WO0001,00024439,Invoice,2023-09-12,19.1,19kg,10,3450,3450,10,690,6900,
WO0001,00024439,Invoice,2023-09-12,9.1,9kg,5,1725,1725,5,517.5,2587.5,
WO0001,00006337,Crd Note,2023-09-26,9.1,9kg,-29,-10005,-10005,-29,517.5,-15007.5,
WO0001,00006337,Crd Note,2023-09-26,19.1,19kg,-17,-5865,-5865,-17,690,-11730,
WO0001,00006337,Crd Note,2023-09-26,14.1,14kg,-5,-1725,-1725,-5,575,-2875,
WO0001,00006337,Crd Note,2023-09-26,S.1,S.1,-1,-345,-345,-1,1150,-1150,
WO0001,00024847,Invoice,2023-09-26,19.1,19kg,8,2760,2760,8,690,5520,
WO0001,00024847,Invoice,2023-09-26,14.1,14kg,5,1725,1725,5,575,2875,
WO0001,00024847,Invoice,2023-09-26,9.1,9kg,25,8625,8625,25,517.5,12937.5,
WO0001,00038848,Invoice,2024-12-04,19.1,19kg,10,6900,6900,10,690,6900,
WO0001,00038848,Invoice,2024-12-04,14.1,14kg,5,3162.5,3162.5,5,575,2875,
WO0001,00038848,Invoice,2024-12-04,9.1,9kg,25,12937.5,12937.5,25,517.5,12937.5,
WO0001,00011404,Crd Note,2024-12-05,9.1,9kg,-26,-13455,-13455,-26,517.5,-13455,
WO0001,00011404,Crd Note,2024-12-05,19.1,19kg,-5,-3450,-3450,-5,690,-3450,
WO0001,00011404,Crd Note,2024-12-05,14.1,14kg,-8,-5060,-5060,-8,575,-4600,
WO0001,00039063,Invoice,2024-12-13,14.1,14kg,5,3162.5,3162.5,5,575,2875,
WO0001,00039063,Invoice,2024-12-13,9.1,9kg,30,15525,15525,30,517.5,15525,
WO0001,00039063,Invoice,2024-12-13,19.1,19kg,5,3450,3450,5,690,3450,
WO0001,00011496,Crd Note,2024-12-16,19.1,19kg,-9,-6210,-6210,-9,690,-6210,
WO0001,00011496,Crd Note,2024-12-16,14.1,14kg,-5,-3162.5,-3162.5,-5,575,-2875,
WO0001,00011496,Crd Note,2024-12-16,9.1,9kg,-40,-20700,-20700,-40,517.5,-20700,
WO0001,00039164,Invoice,2024-12-17,9.1,9kg,30,15525,15525,30,517.5,15525,
WO0001,00039164,Invoice,2024-12-17,19.1,19kg,5,3450,3450,5,690,3450,
WO0001,00039164,Invoice,2024-12-17,14.1,14kg,5,3162.5,3162.5,5,575,2875,
WO0001,00011518,Crd Note,2024-12-18,14.1,14kg,-1,-632.5,-632.5,-1,575,-575,
WO0001,00011518,Crd Note,2024-12-18,9.1,9kg,-29,-15007.5,-15007.5,-29,517.5,-15007.5,
WO0001,00011518,Crd Note,2024-12-18,19.1,19kg,-3,-2070,-2070,-3,690,-2070,
WO0001,00011608,Crd Note,2024-12-30,19.1,19kg,-7,-4830,-4830,-7,690,-4830,
WO0001,00011608,Crd Note,2024-12-30,14.1,14kg,-5,-3162.5,-3162.5,-5,575,-2875,
WO0001,00011608,Crd Note,2024-12-30,9.1,9kg,-31,-16042.5,-16042.5,-31,517.5,-16042.5,
WO0001,00039491,Invoice,2024-12-30,9.1,9kg,35,18112.5,18112.5,35,517.5,18112.5,
WO0001,00039491,Invoice,2024-12-30,19.1,19kg,5,3450,3450,5,690,3450,
WO0001,00039491,Invoice,2024-12-30,14.1,14kg,5,3162.5,3162.5,5,575,2875,
WO0001,00039895,Invoice,2025-01-14,14.1,14kg,3,1897.5,1897.5,3,575,1725,
WO0001,00039895,Invoice,2025-01-14,19.1,19kg,7,4830,4830,7,690,4830,
WO0001,00039895,Invoice,2025-01-14,9.1,9kg,10,5175,5175,10,517.5,5175,
WO0001,00011696,Crd Note,2025-01-15,9.1,9kg,-6,-3105,-3105,-6,517.5,-3105,
WO0001,00011696,Crd Note,2025-01-15,19.1,19kg,-7,-4830,-4830,-7,690,-4830,
WO0001,00011696,Crd Note,2025-01-15,14.1,14kg,-3,-1897.5,-1897.5,-3,575,-1725,
WO0001,00040272,Invoice,2025-01-28,14.1,14kg,4,2530,2530,4,575,2300,
WO0001,00040272,Invoice,2025-01-28,19.1,19kg,10,6900,6900,10,690,6900,
WO0001,00040272,Invoice,2025-01-28,9.1,9kg,25,12937.5,12937.5,25,517.5,12937.5,
WO0001,00011787,Crd Note,2025-01-29,9.1,9kg,-27,-13972.5,-13972.5,-27,517.5,-13972.5,
WO0001,00011787,Crd Note,2025-01-29,19.1,19kg,-10,-6900,-6900,-10,690,-6900,
WO0001,00011787,Crd Note,2025-01-29,14.1,14kg,-6,-3795,-3795,-6,575,-3450,
WO0001,00011828,Crd Note,2025-02-05,14.1,14kg,-5,-3162.5,-3162.5,-5,575,-2875,
WO0001,00011828,Crd Note,2025-02-05,19.1,19kg,-4,-2760,-2760,-4,690,-2760,
WO0001,00011828,Crd Note,2025-02-05,9.1,9kg,-31,-16042.5,-16042.5,-31,517.5,-16042.5,
WO0001,00040479,Invoice,2025-02-05,9.1,9kg,30,15525,15525,30,517.5,15525,
WO0001,00040479,Invoice,2025-02-05,19.1,19kg,5,3450,3450,5,690,3450,
WO0001,00040479,Invoice,2025-02-05,14.1,14kg,5,3162.5,3162.5,5,575,2875,
WO0001,00040728,Invoice,2025-02-13,9.1,9kg,30,15525,15525,30,517.5,15525,
WO0001,00040728,Invoice,2025-02-13,19.1,19kg,6,4140,4140,6,690,4140,
WO0001,00040728,Invoice,2025-02-13,14.1,14kg,3,1897.5,1897.5,3,575,1725,
WO0001,00011897,Crd Note,2025-02-14,19.1,19kg,-6,-4140,-4140,-6,690,-4140,
WO0001,00011897,Crd Note,2025-02-14,14.1,14kg,-3,-1897.5,-1897.5,-3,575,-1725,
WO0001,00011897,Crd Note,2025-02-14,9.1,9kg,-30,-15525,-15525,-30,517.5,-15525,
WO0001,00040735,Invoice,2025-02-14,19.1,19kg,8,5520,5520,8,690,5520,
WO0001,00040735,Invoice,2025-02-14,14.1,14kg,5,3162.5,3162.5,5,575,2875,
WO0001,00040735,Invoice,2025-02-14,9.1,9kg,30,15525,15525,30,517.5,15525,
WO0001,00011903,Crd Note,2025-02-16,14.1,14kg,-5,-3162.5,-3162.5,-5,575,-2875,
WO0001,00011903,Crd Note,2025-02-16,9.1,9kg,-30,-15525,-15525,-30,517.5,-15525,
WO0001,00011903,Crd Note,2025-02-16,19.1,19kg,-8,-5520,-5520,-8,690,-5520,
WO0001,00011980,Crd Note,2025-02-27,19.1,19kg,-10,-6900,-6900,-10,690,-6900,
WO0001,00011980,Crd Note,2025-02-27,9.1,9kg,-27,-13972.5,-13972.5,-27,517.5,-13972.5,
WO0001,00011980,Crd Note,2025-02-27,14.1,14kg,-6,-3795,-3795,-6,575,-3450,
WO0001,00041068,Invoice,2025-02-27,9.1,9kg,30,15525,15525,30,517.5,15525,
WO0001,00041068,Invoice,2025-02-27,19.1,19kg,10,6900,6900,10,690,6900,
WO0001,00041068,Invoice,2025-02-27,14.1,14kg,3,1897.5,1897.5,3,575,1725,
WO0001,00041212,Invoice,2025-03-04,9.1,9kg,25,12937.5,12937.5,25,517.5,12937.5,
WO0001,00041212,Invoice,2025-03-04,19.1,19kg,8,5520,5520,8,690,5520,
WO0001,00041212,Invoice,2025-03-04,14.1,14kg,2,1265,1265,2,575,1150,
WO0001,00012014,Crd Note,2025-03-05,9.1,9kg,-24,-12420,-12420,-24,517.5,-12420,
WO0001,00012014,Crd Note,2025-03-05,19.1,19kg,-8,-5520,-5520,-8,690,-5520,
WO0001,00012014,Crd Note,2025-03-05,14.1,14kg,-3,-1897.5,-1897.5,-3,575,-1725,
WO0001,00012069,Crd Note,2025-03-13,19.1,19kg,-8,-5520,-5520,-8,690,-5520,
WO0001,00012069,Crd Note,2025-03-13,9.1,9kg,-26,-13455,-13455,-26,517.5,-13455,
WO0001,00012069,Crd Note,2025-03-13,14.1,14kg,-2,-1265,-1265,-2,575,-1150,
WO0001,00041473,Invoice,2025-03-13,9.1,9kg,30,15525,15525,30,517.5,15525,
WO0001,00041473,Invoice,2025-03-13,14.1,14kg,3,1897.5,1897.5,3,575,1725,
WO0001,00041473,Invoice,2025-03-13,19.1,19kg,3,2070,2070,3,690,2070,
WO0001,00041593,Invoice,2025-03-18,19.1,19kg,8,5520,5520,8,690,5520,
WO0001,00041593,Invoice,2025-03-18,14.1,14kg,3,1897.5,1897.5,3,575,1725,
WO0001,00041593,Invoice,2025-03-18,9.1,9kg,20,10350,10350,20,517.5,10350,
WO0001,00012096,Crd Note,2025-03-19,19.1,19kg,-5,-3450,-3450,-5,690,-3450,
WO0001,00012096,Crd Note,2025-03-19,9.1,9kg,-13,-6727.5,-6727.5,-13,517.5,-6727.5,
WO0001,00012096,Crd Note,2025-03-19,14.1,14kg,-4,-2530,-2530,-4,575,-2300,
WO0001,00041831,Invoice,2025-03-28,9.1,9kg,15,7762.5,7762.5,15,517.5,7762.5,
WO0001,00041831,Invoice,2025-03-28,14.1,14kg,5,3162.5,3162.5,5,575,2875,
WO0001,00041831,Invoice,2025-03-28,19.1,19kg,10,6900,6900,10,690,6900,
WO0001,00012157,Crd Note,2025-03-30,19.1,19kg,-4,-2760,-2760,-4,690,-2760,
WO0001,00012157,Crd Note,2025-03-30,9.1,9kg,-23,-11902.5,-11902.5,-23,517.5,-11902.5,
WO0001,00012157,Crd Note,2025-03-30,14.1,14kg,-3,-1897.5,-1897.5,-3,575,-1725,
WO0001,00012191,Crd Note,2025-04-03,14.1,14kg,-3,-1897.5,-1897.5,-3,575,-1725,
WO0001,00012191,Crd Note,2025-04-03,9.1,9kg,-29,-15007.5,-15007.5,-29,517.5,-15007.5,
WO0001,00012191,Crd Note,2025-04-03,19.1,19kg,-4,-2760,-2760,-4,690,-2760,
WO0001,00041983,Invoice,2025-04-03,19.1,19kg,5,3450,3450,5,690,3450,
WO0001,00041983,Invoice,2025-04-03,14.1,14kg,1,632.5,632.5,1,575,575,
WO0001,00041983,Invoice,2025-04-03,9.1,9kg,35,18112.5,18112.5,35,517.5,18112.5,
WO0001,00012255,Crd Note,2025-04-11,19.1,19kg,-12,-8280,-8280,-12,690,-8280,
WO0001,00012255,Crd Note,2025-04-11,14.1,14kg,-3,-1897.5,-1897.5,-3,575,-1725,
WO0001,00012255,Crd Note,2025-04-11,9.1,9kg,-26,-13455,-13455,-26,517.5,-13455,
WO0001,00042217,Invoice,2025-04-11,19.1,19kg,5,3450,3450,5,690,3450,
WO0001,00042217,Invoice,2025-04-11,9.1,9kg,26,13455,13455,26,517.5,13455,
WO0001,00042217,Invoice,2025-04-11,14.1,14kg,10,6325,6325,10,575,5750,
WO0001,00042283,Invoice,2025-04-14,19.1,19kg,5,3450,3450,5,690,3450,
WO0001,00042283,Invoice,2025-04-14,9.1,9kg,35,18112.5,18112.5,35,517.5,18112.5,
WO0001,00042283,Invoice,2025-04-14,14.1,14kg,5,3162.5,3162.5,5,575,2875,
WO0001,00042654,Invoice,2025-04-28,19.1,19kg,10,6900,6900,10,690,6900,
WO0001,00042654,Invoice,2025-04-28,9.1,9kg,25,12937.5,12937.5,25,517.5,12937.5,
WO0001,00042654,Invoice,2025-04-28,14.1,14kg,10,6325,6325,10,575,5750,
WO0001,00012380,Crd Note,2025-04-29,19.1,19kg,-14,-9660,-9660,-14,690,-9660,
WO0001,00012380,Crd Note,2025-04-29,14.1,14kg,-16,-10120,-10120,-16,575,-9200,
WO0001,00012380,Crd Note,2025-04-29,9.1,9kg,-58,-30015,-30015,-58,517.5,-30015,
WO0001,00042969,Invoice,2025-05-09,14.1,14kg,10,6325,6325,10,575,5750,
WO0001,00042969,Invoice,2025-05-09,9.1,9kg,30,15525,15525,30,517.5,15525,
WO0001,00042969,Invoice,2025-05-09,19.1,19kg,10,6900,6900,10,690,6900,
WO0001,00012461,Crd Note,2025-05-11,9.1,9kg,-32,-16560,-16560,-32,517.5,-16560,
WO0001,00012461,Crd Note,2025-05-11,14.1,14kg,-6,-3795,-3795,-6,575,-3450,
WO0001,00012461,Crd Note,2025-05-11,19.1,19kg,-10,-6900,-6900,-10,690,-6900,
WO0001,00043280,Invoice,2025-05-21,14.1,14kg,5,3162.5,3162.5,5,575,2875,
WO0001,00043280,Invoice,2025-05-21,9.1,9kg,30,15525,15525,30,517.5,15525,
WO0001,00043280,Invoice,2025-05-21,19.1,19kg,7,4830,4830,7,690,4830,
WO0001,00012546,Crd Note,2025-05-22,14.1,14kg,-5,-3162.5,-3162.5,-5,575,-2875,
WO0001,00012546,Crd Note,2025-05-22,9.1,9kg,-30,-15525,-15525,-30,517.5,-15525,
WO0001,00012546,Crd Note,2025-05-22,19.1,19kg,-7,-4830,-4830,-7,690,-4830,
WO0001,00043438,Invoice,2025-05-28,9.1,9kg,13,6727.5,6727.5,13,517.5,6727.5,
WO0001,00043438,Invoice,2025-05-28,14.1,14kg,7,4427.5,4427.5,7,575,4025,
WO0001,00043438,Invoice,2025-05-28,19.1,19kg,15,10350,10350,15,690,10350,
WO0001,00012603,Crd Note,2025-05-29,14.1,14kg,-7,-4427.5,-4427.5,-7,575,-4025,
WO0001,00012603,Crd Note,2025-05-29,19.1,19kg,-15,-10350,-10350,-15,690,-10350,
WO0001,00012603,Crd Note,2025-05-29,9.1,9kg,-13,-6727.5,-6727.5,-13,517.5,-6727.5,
WO0001,00043684,Invoice,2025-06-05,14.1,14kg,3,1897.5,1897.5,3,575,1725,
WO0001,00043684,Invoice,2025-06-05,19.1,19kg,7,4830,4830,7,690,4830,
WO0001,00043684,Invoice,2025-06-05,9.1,9kg,25,12937.5,12937.5,25,517.5,12937.5,
WO0001,00012655,Crd Note,2025-06-06,9.1,9kg,-25,-12937.5,-12937.5,-25,517.5,-12937.5,
WO0001,00012655,Crd Note,2025-06-06,19.1,19kg,-7,-4830,-4830,-7,690,-4830,
WO0001,00012655,Crd Note,2025-06-06,14.1,14kg,-3,-1897.5,-1897.5,-3,575,-1725,
WO0001,00012666,Crd Note,2025-06-08,14.1,14kg,-5,-3162.5,-3162.5,-5,575,-2875,
WO0001,00012666,Crd Note,2025-06-08,9.1,9kg,-29,-15007.5,-15007.5,-29,517.5,-15007.5,
WO0001,00012666,Crd Note,2025-06-08,19.1,19kg,-3,-2070,-2070,-3,690,-2070,
WO0001,00043729,Invoice,2025-06-08,14.1,14kg,5,3162.5,3162.5,5,575,2875,
WO0001,00043729,Invoice,2025-06-08,19.1,19kg,3,2070,2070,3,690,2070,
WO0001,00043729,Invoice,2025-06-08,9.1,9kg,30,15525,15525,30,517.5,15525,
WO0001,00012748,Crd Note,2025-06-16,9.1,9kg,-36,-18630,-18630,-36,517.5,-18630,
WO0001,00012748,Crd Note,2025-06-16,19.1,19kg,-15,-10350,-10350,-15,690,-10350,
WO0001,00012748,Crd Note,2025-06-16,14.1,14kg,-5,-3162.5,-3162.5,-5,575,-2875,
WO0001,00043973,Invoice,2025-06-16,9.1,9kg,35,18112.5,18112.5,35,517.5,18112.5,
WO0001,00043973,Invoice,2025-06-16,19.1,19kg,15,10350,10350,15,690,10350,
WO0001,00043973,Invoice,2025-06-16,14.1,14kg,5,3162.5,3162.5,5,575,2875,
WO0001,00044090,Invoice,2025-06-19,9.1,9kg,20,10350,10350,20,517.5,10350,
WO0001,00044090,Invoice,2025-06-19,14.1,14kg,10,6325,6325,10,575,5750,
WO0001,00012774,Crd Note,2025-06-20,9.1,9kg,-23,-11902.5,-11902.5,-23,517.5,-11902.5,
WO0001,00012774,Crd Note,2025-06-20,14.1,14kg,-7,-4427.5,-4427.5,-7,575,-4025,
WO0001,00044211,Invoice,2025-06-23,9.1,9kg,15,7762.5,7762.5,15,517.5,7762.5,
WO0001,00044211,Invoice,2025-06-23,19.1,19kg,5,3450,3450,5,690,3450,
WO0001,00012810,Crd Note,2025-06-24,9.1,9kg,-15,-7762.5,-7762.5,-15,517.5,-7762.5,
WO0001,00012810,Crd Note,2025-06-24,19.1,19kg,-5,-3450,-3450,-5,690,-3450,
WO0001,00044431,Invoice,2025-06-30,9.1,9kg,25,12937.5,12937.5,25,517.5,12937.5,
WO0001,00044431,Invoice,2025-06-30,14.1,14kg,6,3795,3795,6,575,3450,
WO0001,00012879,Crd Note,2025-07-01,14.1,14kg,-6,-3795,-3795,-6,575,-3450,
WO0001,00012879,Crd Note,2025-07-01,9.1,9kg,-25,-12937.5,-12937.5,-25,517.5,-12937.5,
WO0001,00044683,Invoice,2025-07-08,14.1,14kg,5,3162.5,3162.5,5,575,2875,
WO0001,00044683,Invoice,2025-07-08,19.1,19kg,6,4140,4140,6,690,4140,
WO0001,00044683,Invoice,2025-07-08,9.1,9kg,21,10867.5,10867.5,21,517.5,10867.5,
WO0001,00012948,Crd Note,2025-07-09,14.1,14kg,-5,-3162.5,-3162.5,-5,575,-2875,
WO0001,00012948,Crd Note,2025-07-09,9.1,9kg,-21,-10867.5,-10867.5,-21,517.5,-10867.5,
WO0001,00012948,Crd Note,2025-07-09,19.1,19kg,-6,-4140,-4140,-6,690,-4140,
WO0001,00044902,Invoice,2025-07-16,14.1,14kg,6,3795,3795,6,575,3450,
WO0001,00044902,Invoice,2025-07-16,19.1,19kg,3,2070,2070,3,690,2070,
WO0001,00044902,Invoice,2025-07-16,9.1,9kg,15,7762.5,7762.5,15,517.5,7762.5,
WO0001,00013026,Crd Note,2025-07-18,19.1,19kg,-3,-2070,-2070,-3,690,-2070,
WO0001,00013026,Crd Note,2025-07-18,14.1,14kg,-6,-3795,-3795,-6,575,-3450,
WO0001,00013026,Crd Note,2025-07-18,9.1,9kg,-15,-7762.5,-7762.5,-15,517.5,-7762.5,
WO0001,00045284,Invoice,2025-07-30,14.1,14kg,7,4427.5,4427.5,7,575,4025,
WO0001,00045284,Invoice,2025-07-30,9.1,9kg,28,14490,14490,28,517.5,14490,
WO0001,00045284,Invoice,2025-07-30,19.1,19kg,13,8970,8970,13,690,8970,
WO0001,00013106,Crd Note,2025-08-01,9.1,9kg,-28,-14490,-14490,-28,517.5,-14490,
WO0001,00013106,Crd Note,2025-08-01,19.1,19kg,-13,-8970,-8970,-13,690,-8970,
WO0001,00013106,Crd Note,2025-08-01,14.1,14kg,-7,-4427.5,-4427.5,-7,575,-4025,
WO0001,00045583,Invoice,2025-08-10,9.1,9kg,27,13972.5,13972.5,27,517.5,13972.5,
WO0001,00045583,Invoice,2025-08-10,14.1,14kg,5,3162.5,3162.5,5,575,2875,
WO0001,00045583,Invoice,2025-08-10,19.1,19kg,8,5520,5520,8,690,5520,
WO0001,00013198,Crd Note,2025-08-11,14.1,14kg,-5,-3162.5,-3162.5,-5,575,-2875,
WO0001,00013198,Crd Note,2025-08-11,9.1,9kg,-27,-13972.5,-13972.5,-27,517.5,-13972.5,
WO0001,00013198,Crd Note,2025-08-11,19.1,19kg,-8,-5520,-5520,-8,690,-5520,
WO0001,00013206,Crd Note,2025-08-11,19.1,19kg,-3,-2070,-2070,-3,690,-2070,
WO0001,00013206,Crd Note,2025-08-11,14.1,14kg,-3,-1897.5,-1897.5,-3,575,-1725,
WO0001,00045595,Invoice,2025-08-11,14.1,14kg,5,3162.5,3162.5,5,575,2875,
WO0001,00045595,Invoice,2025-08-11,19.1,19kg,3,2070,2070,3,690,2070,
WO0001,00045959,Invoice,2025-08-27,9.1,9kg,20,10350,10350,20,517.5,10350,
WO0001,00045959,Invoice,2025-08-27,14.1,14kg,8,5060,5060,8,575,4600,
WO0001,00045959,Invoice,2025-08-27,19.1,19kg,10,6900,6900,10,690,6900,
WO0001,00013330,Crd Note,2025-08-28,19.1,19kg,-10,-6900,-6900,-10,690,-6900,
WO0001,00013330,Crd Note,2025-08-28,9.1,9kg,-20,-10350,-10350,-20,517.5,-10350,
WO0001,00013330,Crd Note,2025-08-28,14.1,14kg,-8,-5060,-5060,-8,575,-4600,
WO0001,00046266,Invoice,2025-09-09,19.1,19kg,11,7590,7590,11,690,7590,
WO0001,00046266,Invoice,2025-09-09,9.1,9kg,20,10350,10350,20,517.5,10350,
WO0001,00046266,Invoice,2025-09-09,14.1,14kg,4,2530,2530,4,575,2300,
WO0001,00013440,Crd Note,2025-09-10,9.1,9kg,-20,-10350,-10350,-20,517.5,-10350,
WO0001,00013440,Crd Note,2025-09-10,19.1,19kg,-11,-7590,-7590,-11,690,-7590,
WO0001,00013440,Crd Note,2025-09-10,14.1,14kg,-4,-2530,-2530,-4,575,-2300,
WO0001,00013511,Crd Note,2025-09-18,9.1,9kg,-26,-13455,-13455,-26,517.5,-13455,
WO0001,00013511,Crd Note,2025-09-18,19.1,19kg,-8,-5520,-5520,-8,690,-5520,
WO0001,00013511,Crd Note,2025-09-18,14.1,14kg,-1,-632.5,-632.5,-1,575,-575,
WO0001,00046506,Invoice,2025-09-18,9.1,9kg,25,12937.5,12937.5,25,517.5,12937.5,
WO0001,00046506,Invoice,2025-09-18,14.1,14kg,2,1265,1265,2,575,1150,
WO0001,00046506,Invoice,2025-09-18,19.1,19kg,8,5520,5520,8,690,5520,
WO0001,00046661,Invoice,2025-09-24,19.1,19kg,8,5520,5520,8,690,5520,
WO0001,00046661,Invoice,2025-09-24,9.1,9kg,18,9315,9315,18,517.5,9315,
WO0001,00013550,Crd Note,2025-09-25,9.1,9kg,-13,-6727.5,-6727.5,-13,517.5,-6727.5,
WO0001,00013550,Crd Note,2025-09-25,14.1,14kg,-3,-1897.5,-1897.5,-3,575,-1725,
WO0001,00013550,Crd Note,2025-09-25,19.1,19kg,-8,-5520,-5520,-8,690,-5520,
WO0001,00013640,Crd Note,2025-10-03,19.1,19kg,-2,-1380,-1380,-2,690,-1380,
WO0001,00013640,Crd Note,2025-10-03,14.1,14kg,-2,-1265,-1265,-2,575,-1150,
WO0001,00013640,Crd Note,2025-10-03,9.1,9kg,-19,-9832.5,-9832.5,-19,517.5,-9832.5,
WO0001,00046879,Invoice,2025-10-03,9.1,9kg,20,10350,10350,20,517.5,10350,
WO0001,00046879,Invoice,2025-10-03,19.1,19kg,3,2070,2070,3,690,2070,
WO0001,00013670,Crd Note,2025-10-12,19.1,19kg,-5,-3450,-3450,-5,690,-3450,
WO0001,00013670,Crd Note,2025-10-12,9.1,9kg,-21,-10867.5,-10867.5,-21,517.5,-10867.5,
WO0001,00013670,Crd Note,2025-10-12,14.1,14kg,-4,-2530,-2530,-4,575,-2300,
WO0001,00047041,Invoice,2025-10-12,9.1,9kg,21,10867.5,10867.5,21,517.5,10867.5,
WO0001,00047041,Invoice,2025-10-12,14.1,14kg,4,2530,2530,4,575,2300,
WO0001,00047041,Invoice,2025-10-12,19.1,19kg,5,3450,3450,5,690,3450,
WO0001,00047206,Invoice,2025-10-19,19.1,19kg,8,5520,5520,8,690,5520,
WO0001,00047206,Invoice,2025-10-19,14.1,14kg,3,1897.5,1897.5,3,575,1725,
WO0001,00047206,Invoice,2025-10-19,9.1,9kg,22,11385,11385,22,517.5,11385,
WO0001,00013720,Crd Note,2025-10-20,9.1,9kg,-22,-11385,-11385,-22,517.5,-11385,
WO0001,00013720,Crd Note,2025-10-20,14.1,14kg,-3,-1897.5,-1897.5,-3,575,-1725,
WO0001,00013720,Crd Note,2025-10-20,19.1,19kg,-8,-5520,-5520,-8,690,-5520,
WO0001,00047443,Invoice,2025-10-30,14.1,14kg,2,1265,1265,2,575,1150,
WO0001,00047443,Invoice,2025-10-30,9.1,9kg,10,5175,5175,10,517.5,5175,
WO0001,00047443,Invoice,2025-10-30,19.1,19kg,11,7590,7590,11,690,7590,
WO0001,00013791,Crd Note,2025-10-31,14.1,14kg,-2,-1265,-1265,-2,575,-1150,
WO0001,00013791,Crd Note,2025-10-31,19.1,19kg,-11,-7590,-7590,-11,690,-7590,
WO0001,00013791,Crd Note,2025-10-31,9.1,9kg,-10,-5175,-5175,-10,517.5,-5175,
WO0001,00013816,Crd Note,2025-11-04,14.1,14kg,-5,-3162.5,-3162.5,-5,575,-2875,
WO0001,00013816,Crd Note,2025-11-04,19.1,19kg,-9,-6210,-6210,-9,690,-6210,
WO0001,00013816,Crd Note,2025-11-04,9.1,9kg,-18,-9315,-9315,-18,517.5,-9315,
WO0001,00047515,Invoice,2025-11-04,9.1,9kg,18,9315,9315,18,517.5,9315,
WO0001,00047515,Invoice,2025-11-04,14.1,14kg,5,3162.5,3162.5,5,575,2875,
WO0001,00047515,Invoice,2025-11-04,19.1,19kg,9,6210,6210,9,690,6210,
WO0001,00047713,Invoice,2025-11-16,19.1,19kg,4,2760,2760,4,690,2760,
WO0001,00047713,Invoice,2025-11-16,9.1,9kg,25,12937.5,12937.5,25,517.5,12937.5,
WO0001,00013880,Crd Note,2025-11-17,19.1,19kg,-4,-2760,-2760,-4,690,-2760,
WO0001,00013880,Crd Note,2025-11-17,9.1,9kg,-25,-12937.5,-12937.5,-25,517.5,-12937.5,
WO0001,00047877,Invoice,2025-11-23,9.1,9kg,25,12937.5,12937.5,25,517.5,12937.5,
WO0001,00047877,Invoice,2025-11-23,14.1,14kg,3,1897.5,1897.5,3,575,1725,
WO0001,00047877,Invoice,2025-11-23,19.1,19kg,2,1380,1380,2,690,1380,
WO0001,00013936,Crd Note,2025-11-24,19.1,19kg,-2,-1380,-1380,-2,690,-1380,
WO0001,00013936,Crd Note,2025-11-24,14.1,14kg,-3,-1897.5,-1897.5,-3,575,-1725,
WO0001,00013936,Crd Note,2025-11-24,9.1,9kg,-25,-12937.5,-12937.5,-25,517.5,-12937.5,
WO0001,00048043,Invoice,2025-12-01,19.1,19kg,3,2070,2070,3,690,2070,
WO0001,00048043,Invoice,2025-12-01,14.1,14kg,3,1897.5,1897.5,3,575,1725,
WO0001,00048043,Invoice,2025-12-01,9.1,9kg,22,11385,11385,22,517.5,11385,
WO0001,00013990,Crd Note,2025-12-02,14.1,14kg,-3,-1897.5,-1897.5,-3,575,-1725,
WO0001,00013990,Crd Note,2025-12-02,19.1,19kg,-3,-2070,-2070,-3,690,-2070,
WO0001,00013990,Crd Note,2025-12-02,9.1,9kg,-22,-11385,-11385,-22,517.5,-11385,
WO0001,00048207,Invoice,2025-12-09,14.1,14kg,5,3162.5,3162.5,5,575,2875,
WO0001,00048207,Invoice,2025-12-09,19.1,19kg,2,1380,1380,2,690,1380,
WO0001,00048207,Invoice,2025-12-09,9.1,9kg,24,12420,12420,24,517.5,12420,
WO0001,00014052,Crd Note,2025-12-10,9.1,9kg,-24,-12420,-12420,-24,517.5,-12420,
WO0001,00014052,Crd Note,2025-12-10,14.1,14kg,-5,-3162.5,-3162.5,-5,575,-2875,
WO0001,00014052,Crd Note,2025-12-10,19.1,19kg,-2,-1380,-1380,-2,690,-1380,
WO0001,00048385,Invoice,2025-12-18,14.1,14kg,3,1897.5,1897.5,3,575,1725,
WO0001,00048385,Invoice,2025-12-18,19.1,19kg,4,2760,2760,4,690,2760,
WO0001,00048385,Invoice,2025-12-18,9.1,9kg,25,12937.5,12937.5,25,517.5,12937.5,
WO0001,00014132,Crd Note,2025-12-19,14.1,14kg,-3,-1897.5,-1897.5,-3,575,-1725,
WO0001,00014132,Crd Note,2025-12-19,9.1,9kg,-25,-12937.5,-12937.5,-25,517.5,-12937.5,
WO0001,00014132,Crd Note,2025-12-19,19.1,19kg,-4,-2760,-2760,-4,690,-2760,
WO0001,00048512,Invoice,2025-12-28,9.1,9kg,20,10350,10350,20,517.5,10350,
WO0001,00014178,Crd Note,2025-12-29,9.1,9kg,-20,-10350,-10350,-20,517.5,-10350,
WO0001,00014200,Crd Note,2026-01-01,19.1,19kg,-7,-4830,-4830,-7,690,-4830,
WO0001,00014200,Crd Note,2026-01-01,9.1,9kg,-25,-12937.5,-12937.5,-25,517.5,-12937.5,
WO0001,00014200,Crd Note,2026-01-01,14.1,14kg,-5,-3162.5,-3162.5,-5,575,-2875,
WO0001,00048583,Invoice,2026-01-01,19.1,19kg,7,4830,4830,7,690,4830,
WO0001,00048583,Invoice,2026-01-01,14.1,14kg,5,3162.5,3162.5,5,575,2875,
WO0001,00048583,Invoice,2026-01-01,9.1,9kg,25,12937.5,12937.5,25,517.5,12937.5,
WO0001,00014280,Crd Note,2026-01-13,14.1,14kg,-6,-3795,-3795,-6,575,-3450,
WO0001,00014280,Crd Note,2026-01-13,19.1,19kg,-11,-7590,-7590,-11,690,-7590,
WO0001,00014280,Crd Note,2026-01-13,9.1,9kg,-27,-13972.5,-13972.5,-27,517.5,-13972.5,
WO0001,00048771,Invoice,2026-01-13,19.1,19kg,10,6900,6900,10,690,6900,
WO0001,00048771,Invoice,2026-01-13,9.1,9kg,28,14490,14490,28,517.5,14490,
WO0001,00048771,Invoice,2026-01-13,14.1,14kg,6,3795,3795,6,575,3450,
WO0001,00049022,Invoice,2026-01-29,9.1,9kg,18,9315,9315,18,517.5,9315,
WO0001,00049022,Invoice,2026-01-29,14.1,14kg,6,3795,3795,6,575,3450,
WO0001,00049022,Invoice,2026-01-29,19.1,19kg,10,6900,6900,10,690,6900,
WO0001,00014359,Crd Note,2026-01-30,9.1,9kg,-18,-9315,-9315,-18,517.5,-9315,
WO0001,00014359,Crd Note,2026-01-30,14.1,14kg,-6,-3795,-3795,-6,575,-3450,
WO0001,00014359,Crd Note,2026-01-30,19.1,19kg,-10,-6900,-6900,-10,690,-6900,
WO0001,00049139,Invoice,2026-02-06,9.1,9kg,20,10350,10350,20,517.5,10350,
WO0001,00049139,Invoice,2026-02-06,19.1,19kg,10,6900,6900,10,690,6900,
WO0001,00049139,Invoice,2026-02-06,14.1,14kg,4,2530,2530,4,575,2300,
WO0001,00014393,Crd Note,2026-02-08,9.1,9kg,-20,-10350,-10350,-20,517.5,-10350,
WO0001,00014393,Crd Note,2026-02-08,19.1,19kg,-10,-6900,-6900,-10,690,-6900,
WO0001,00014393,Crd Note,2026-02-08,14.1,14kg,-4,-2530,-2530,-4,575,-2300,
WO0001,00049214,Invoice,2026-02-11,14.1,14kg,5,3162.5,3162.5,5,575,2875,
WO0001,00049214,Invoice,2026-02-11,9.1,9kg,25,12937.5,12937.5,25,517.5,12937.5,
WO0001,00049214,Invoice,2026-02-11,19.1,19kg,4,2760,2760,4,690,2760,
WO0001,00014423,Crd Note,2026-02-12,14.1,14kg,-6,-3795,-3795,-6,575,-3450,
WO0001,00014423,Crd Note,2026-02-12,9.1,9kg,-24,-12420,-12420,-24,517.5,-12420,
WO0001,00014423,Crd Note,2026-02-12,19.1,19kg,-4,-2760,-2760,-4,690,-2760,
WO0001,00014471,Crd Note,2026-02-22,19.1,19kg,-10,-6900,-6900,-10,690,-6900,
WO0001,00014471,Crd Note,2026-02-22,9.1,9kg,-24,-12420,-12420,-24,517.5,-12420,
WO0001,00049375,Invoice,2026-02-22,14.1,14kg,3,1897.5,1897.5,3,575,1725,
WO0001,00049375,Invoice,2026-02-22,9.1,9kg,30,15525,15525,30,517.5,15525,
WO0001,00049375,Invoice,2026-02-22,19.1,19kg,6,4140,4140,6,690,4140,
WO0001,00049469,Invoice,2026-02-25,9.1,9kg,10,5175,5175,10,517.5,5175,
WO0001,00049469,Invoice,2026-02-25,14.1,14kg,1,632.5,632.5,1,575,575,
WO0001,00049469,Invoice,2026-02-25,19.1,19kg,8,5520,5520,8,690,5520,
WO0001,00014510,Crd Note,2026-02-27,9.1,9kg,-10,-5175,-5175,-10,517.5,-5175,
WO0001,00014510,Crd Note,2026-02-27,14.1,14kg,-1,-632.5,-632.5,-1,575,-575,
WO0001,00014510,Crd Note,2026-02-27,19.1,19kg,-8,-5520,-5520,-8,690,-5520,
WO0001,00049683,Invoice,2026-03-10,19.1,19kg,8,5520,5520,8,690,5520,
WO0001,00049683,Invoice,2026-03-10,14.1,14kg,5,3162.5,3162.5,5,575,2875,
WO0001,00049683,Invoice,2026-03-10,9.1,9kg,25,12937.5,12937.5,25,517.5,12937.5,
WO0001,00014581,Crd Note,2026-03-11,19.1,19kg,-8,-5520,-5520,-8,690,-5520,
WO0001,00014581,Crd Note,2026-03-11,14.1,14kg,-5,-3162.5,-3162.5,-5,575,-2875,
WO0001,00014581,Crd Note,2026-03-11,9.1,9kg,-25,-12937.5,-12937.5,-25,517.5,-12937.5,
WO0001,00014609,Crd Note,2026-03-16,9.1,9kg,-18,-9315,-9315,-18,517.5,-9315,
WO0001,00014609,Crd Note,2026-03-16,19.1,19kg,-5,-3450,-3450,-5,690,-3450,
WO0001,00014609,Crd Note,2026-03-16,14.1,14kg,-3,-1897.5,-1897.5,-3,575,-1725,
WO0001,00049780,Invoice,2026-03-16,14.1,14kg,3,1897.5,1897.5,3,575,1725,
WO0001,00049780,Invoice,2026-03-16,9.1,9kg,18,9315,9315,18,517.5,9315,
WO0001,00049780,Invoice,2026-03-16,19.1,19kg,5,3450,3450,5,690,3450,
WO0001,00049814,Invoice,2026-03-17,19.1,19kg,5,3450,3450,5,690,3450,
WO0001,00049814,Invoice,2026-03-17,9.1,9kg,18,9315,9315,18,517.5,9315,
WO0001,00049814,Invoice,2026-03-17,14.1,14kg,3,1897.5,1897.5,3,575,1725,
WO0001,00014622,Crd Note,2026-03-18,19.1,19kg,-5,-3450,-3450,-5,690,-3450,
WO0001,00014622,Crd Note,2026-03-18,14.1,14kg,-3,-1897.5,-1897.5,-3,575,-1725,
WO0001,00014622,Crd Note,2026-03-18,9.1,9kg,-18,-9315,-9315,-18,517.5,-9315,
WO0001,00049970,Invoice,2026-03-27,19.1,19kg,8,5520,5520,8,690,5520,
WO0001,00049970,Invoice,2026-03-27,14.1,14kg,8,5060,5060,8,575,4600,
WO0001,00049970,Invoice,2026-03-27,9.1,9kg,20,10350,10350,20,517.5,10350,
WO0001,00014679,Crd Note,2026-03-29,14.1,14kg,-8,-5060,-5060,-8,575,-4600,
WO0001,00014679,Crd Note,2026-03-29,19.1,19kg,-8,-5520,-5520,-8,690,-5520,
WO0001,00014679,Crd Note,2026-03-29,9.1,9kg,-20,-10350,-10350,-20,517.5,-10350,
WO0001,00050233,Invoice,2026-04-13,19.1,19kg,11,7590,7590,11,690,7590,
WO0001,00050233,Invoice,2026-04-13,14.1,14kg,3,1897.5,1897.5,3,575,1725,
WO0001,00050233,Invoice,2026-04-13,9.1,9kg,22,11385,11385,22,517.5,11385,
WO0001,00014755,Crd Note,2026-04-14,14.1,14kg,-3,-1897.5,-1897.5,-3,575,-1725,
WO0001,00014755,Crd Note,2026-04-14,9.1,9kg,-22,-11385,-11385,-22,517.5,-11385,
WO0001,00014755,Crd Note,2026-04-14,19.1,19kg,-11,-7590,-7590,-11,690,-7590,
WO0001,00014830,Crd Note,2026-04-30,14.1,14kg,-7,-4427.5,-4427.5,-7,575,-4025,
WO0001,00014830,Crd Note,2026-04-30,9.1,9kg,-21,-10867.5,-10867.5,-21,517.5,-10867.5,
WO0001,00014830,Crd Note,2026-04-30,19.1,19kg,-7,-4830,-4830,-7,690,-4830,
WO0001,00014830,Crd Note,2026-04-30,S.1,S.1,-1,-1207.5,-1207.5,-1,1150,-1150,
WO0001,00050460,Invoice,2026-04-30,S.1,S.1,1,1207.5,1207.5,1,1150,1150,
WO0001,00050460,Invoice,2026-04-30,14.1,14kg,7,4427.5,4427.5,7,575,4025,
WO0001,00050460,Invoice,2026-04-30,19.1,19kg,7,4830,4830,7,690,4830,
WO0001,00050460,Invoice,2026-04-30,9.1,9kg,21,10867.5,10867.5,21,517.5,10867.5,
WO0001,00050507,Invoice,2026-05-04,19.1,19kg,8,5520,5520,8,690,5520,
WO0001,00050507,Invoice,2026-05-04,14.1,14kg,4,2530,2530,4,575,2300,
WO0001,00050507,Invoice,2026-05-04,9.1,9kg,17,8797.5,8797.5,17,517.5,8797.5,
WO0001,00014848,Crd Note,2026-05-05,19.1,19kg,-8,-5520,-5520,-8,690,-5520,
WO0001,00014848,Crd Note,2026-05-05,14.1,14kg,-4,-2530,-2530,-4,575,-2300,
WO0001,00014848,Crd Note,2026-05-05,9.1,9kg,-17,-8797.5,-8797.5,-17,517.5,-8797.5,
WO0001,00014961,Crd Note,2026-05-18,14.1,14kg,-5,-3162.5,-3162.5,-5,575,-2875,
WO0001,00014961,Crd Note,2026-05-18,9.1,9kg,-22,-11385,-11385,-22,517.5,-11385,
WO0001,00014961,Crd Note,2026-05-18,19.1,19kg,-10,-6900,-6900,-10,690,-6900,
WO0001,00050761,Invoice,2026-05-18,14.1,14kg,5,3162.5,3162.5,5,575,2875,
WO0001,00050761,Invoice,2026-05-18,9.1,9kg,22,11385,11385,22,517.5,11385,
WO0001,00050761,Invoice,2026-05-18,19.1,19kg,10,6900,6900,10,690,6900,
WO0001,00050938,Invoice,2026-05-28,9.1,9kg,15,7762.5,7762.5,15,517.5,7762.5,
WO0001,00050938,Invoice,2026-05-28,S.1,S.1,2,2415,2415,2,1150,2300,
WO0001,00050938,Invoice,2026-05-28,19.1,19kg,10,6900,6900,10,690,6900,
WO0001,00050938,Invoice,2026-05-28,14.1,14kg,4,2530,2530,4,575,2300,
WO0001,00014997,Crd Note,2026-05-29,9.1,9kg,-15,-7762.5,-7762.5,-15,517.5,-7762.5,
WO0001,00014997,Crd Note,2026-05-29,S.1,S.1,-2,-2415,-2415,-2,1150,-2300,
WO0001,00014997,Crd Note,2026-05-29,14.1,14kg,-4,-2530,-2530,-4,575,-2300,
WO0001,00014997,Crd Note,2026-05-29,19.1,19kg,-10,-6900,-6900,-10,690,-6900,
WO0001,00015012,Crd Note,2026-06-01,19.1,19kg,-10,-6900,-6900,-10,690,-6900,
WO0001,00015012,Crd Note,2026-06-01,9.1,9kg,-26,-13455,-13455,-26,517.5,-13455,
WO0001,00015012,Crd Note,2026-06-01,14.1,14kg,-2,-1265,-1265,-2,575,-1150,
WO0001,00050989,Invoice,2026-06-01,9.1,9kg,28,14490,14490,28,517.5,14490,
WO0001,00050989,Invoice,2026-06-01,19.1,19kg,10,6900,6900,10,690,6900,