iso,layer,entry,docno,target_doc,amount,balance,batch_id,ref
2023-04-28,A,Opening,BF,BF,0,0,,BALANCE B/F
2023-04-28,A,Invoice,19704,19704,9509.1,9509.1,,D/N 4145 · TWK AGRI
2023-04-28,A,Invoice,19706,19706,11362,20871.1,,D/N 4145 EMPTIES · TWK AGRI
2023-04-29,A,Invoice,19768,19768,10726.82,31597.92,,D/N 4147 · TWK AGRI
2023-04-29,A,Invoice,19769,19769,12558,44155.92,,D/N 4147 EMPTIES · TWK AGRI
2023-05-06,A,Invoice,19977,19977,12731.05,56886.97,,D/N 4172 · TWK AGRI
2023-05-06,A,Invoice,19985,19985,19734,76620.97,,D/N 4172 EMPTIES · TWK AGRI
2023-05-12,A,Crd Note,4917,4917,-12731.05,63889.92,,D/N 4172 · TWK AGRI
2023-05-12,A,Crd Note,4918,4918,-19734,44155.92,,D/N 4172 EMPTIES · TWK AGRI
2023-05-24,A,Crd Note,5038,5038,-3105,41050.92,,D/N 4777 EMPTIES · TWK AGRI
2023-05-24,A,Invoice,20606,20606,2268.95,43319.87,,D/N 4777 · TWK AGRI
2023-05-24,A,Invoice,20607,20607,3450,46769.87,,D/N 4777 EMPTIES · TWK AGRI
2023-06-08,A,Crd Note,5155,5155,-5175,41594.87,,D/N 4675 EMPTIES · TWK AGRI
2023-06-08,A,Invoice,21122,21122,3491.05,45085.92,,D/N 4799 · TWK AGRI
2023-06-08,A,Invoice,21123,21123,5175,50260.92,,D/N 4675 EMPTIES · TWK AGRI
2023-06-23,A,Crd Note,5308,5308,-6555,43705.92,,D/N 5238 EMPTIES · TWK AGRI
2023-06-23,A,Invoice,21594,21594,4654.74,48360.66,,D/N 5238 · TWK AGRI
2023-06-23,A,Invoice,21597,21597,6900,55260.66,,D/N 5238 EMPTIES · TWK AGRI
2023-06-26,B,Remit Cash,22182,19704,-9271.37,45989.29,BATCH-2023-06-26,Invoice · STAT:92
2023-06-26,B,Remit Cash,22182,19706,-11077.95,34911.34,BATCH-2023-06-26,Invoice · STAT:92
2023-06-26,B,Remit Cash,22182,19768,-10458.65,24452.69,BATCH-2023-06-26,Invoice · STAT:92
2023-06-26,B,Remit Cash,22182,19769,-12244.05,12208.64,BATCH-2023-06-26,Invoice · STAT:92
2023-06-26,B,Remit Cash,22182,20606,-2212.23,9996.41,BATCH-2023-06-26,Invoice · STAT:92
2023-06-26,C,Discount Journal,DJ-BATCH-2023-06-26,DJ-BATCH-2023-06-26,-1160.62,8835.79,BATCH-2023-06-26,Model B pro forma — Dr 240000 / Cr TWK002
2023-07-06,A,Crd Note,5443,5443,-6210,2625.79,,D/N 4869 EMPTIES · TWK AGRI
2023-07-06,A,Invoice,22058,22058,7245,9870.79,,D/N 4869 EMPTIES · TWK AGRI
2023-07-06,A,Invoice,22060,22060,7059.9,16930.69,,D/N 4869 · TWK AGRI
2023-07-12,A,Crd Note,5498,5498,-6900,10030.69,,D/N 4888 EMPTIES · TWK AGRI
2023-07-12,A,Invoice,22255,22255,5359,15389.69,,D/N 4888 · TWK AGRI
2023-07-12,A,Invoice,22268,22268,6900,22289.69,,D/N 4888 EMPTIES · TWK AGRI
2023-07-21,A,Crd Note,5603,5603,-7590,14699.69,,D/N 5518 EMPTIES · TWK AGRI
2023-07-21,A,Invoice,22626,22626,8621.01,23320.7,,D/N 5518 · TWK AGRI
2023-07-21,A,Invoice,22627,22627,10350,33670.7,,D/N 5518 EMPTIES · TWK AGRI
2023-07-24,A,Crd Note,5632,5632,-2070,31600.7,,D/N 5529 EMPTIES · TWK AGRI
2023-07-24,A,Invoice,22702,22702,2213.5,33814.2,,D/N 5529 · TWK AGRI
2023-07-24,A,Invoice,22739,22739,1725,35539.2,,D/N 5529 EMPTIES · TWK AGRI
2023-07-26,B,Remit Cash,23115,21122,-3403.77,32135.43,BATCH-2023-07-26,Invoice · STAT 92
2023-07-26,B,Remit Cash,23115,21594,-4538.37,27597.06,BATCH-2023-07-26,Invoice · STAT 92
2023-07-26,C,Discount Journal,DJ-BATCH-2023-07-26,DJ-BATCH-2023-07-26,-203.65,27393.41,BATCH-2023-07-26,Model B pro forma — Dr 240000 / Cr TWK002
2023-08-03,A,Crd Note,5768,5768,-4830,22563.41,,D/N 5865 EMPTIES · TWK AGRI
2023-08-03,A,Invoice,23075,23075,3943.81,26507.22,,D/N 5865 · TWK AGRI
2023-08-03,A,Invoice,23077,23077,6900,33407.22,,D/N 5865 EMPTIES · TWK AGRI
2023-08-10,A,Invoice,23311,23311,7142.65,40549.87,,D/N 5592 · TWK AGRI
2023-08-10,A,Invoice,23312,23312,7590,48139.87,,D/N 5592 EMPTIES · TWK AGRI
2023-08-11,A,Crd Note,5845,5845,-5520,42619.87,,D/N 5592 EMPTIES · TWK AGRI
2023-08-14,A,Crd Note,5875,5875,-197.19,42422.68,,D/N 5592 · TWK AGRI
2023-08-28,B,Remit Cash,23836,20607,-3450,38972.68,BATCH-2023-08-28,Invoice · STAT 93
2023-08-28,B,Remit Cash,23836,21123,-5175,33797.68,BATCH-2023-08-28,Invoice · STAT 93
2023-08-28,B,Remit Cash,23836,21597,-6727.5,27070.18,BATCH-2023-08-28,Invoice · STAT 93
2023-08-28,B,Remit Cash,23836,22058,-7063.87,20006.31,BATCH-2023-08-28,Invoice · STAT 93
2023-08-28,B,Remit Cash,23836,22060,-6883.4,13122.91,BATCH-2023-08-28,Invoice · STAT 93
2023-08-28,B,Remit Cash,23836,22255,-5225.02,7897.89,BATCH-2023-08-28,Invoice · STAT 93
2023-08-28,B,Remit Cash,23836,22268,-6727.5,1170.39,BATCH-2023-08-28,Invoice · STAT 93
2023-08-28,B,Remit Cash,23836,5038,3027.37,4197.76,BATCH-2023-08-28,Crd Note · STAT 93
2023-08-28,B,Remit Cash,23836,5308,6391.12,10588.88,BATCH-2023-08-28,Crd Note · STAT 93
2023-08-28,B,Remit Cash,23836,5498,6727.5,17316.38,BATCH-2023-08-28,Crd Note · STAT 93
2023-08-28,B,Remit Cash,23836,22626,-8405.48,8910.9,BATCH-2023-08-28,Invoice · STAT 93
2023-08-28,B,Remit Cash,23836,22627,-10091.25,-1180.35,BATCH-2023-08-28,Invoice · STAT 93
2023-08-28,B,Remit Cash,23836,22702,-2158.16,-3338.51,BATCH-2023-08-28,Invoice · STAT 93
2023-08-28,B,Remit Cash,23836,22739,-1681.87,-5020.38,BATCH-2023-08-28,Invoice · STAT 93
2023-08-28,B,Remit Cash,23836,5603,7400.25,2379.87,BATCH-2023-08-28,Crd Note · STAT 93
2023-08-28,B,Remit Cash,23836,5155,5045.62,7425.49,BATCH-2023-08-28,Crd Note · STAT 93
2023-08-28,B,Remit Cash,23836,5443,6054.75,13480.24,BATCH-2023-08-28,Crd Note · STAT 93
2023-08-28,B,Remit Cash,23836,5632,2018.25,15498.49,BATCH-2023-08-28,Crd Note · STAT 93
2023-08-28,B*,ERP_OVERPOST,23836,ERP_OVERPOST,-345,15153.49,BATCH-2023-08-28,ERP gross R27 738.41 > remittance gross R27 393.41 — not allocated to invoices
2023-08-28,C,Discount Journal,DJ-BATCH-2023-08-28,DJ-BATCH-2023-08-28,-469.22,14684.27,BATCH-2023-08-28,Model B pro forma — Dr 240000 / Cr TWK002
2023-09-01,A,Crd Note,6078,6078,-10350,4334.27,,D/N 6423 EMPTIES · TWK AGRI
2023-09-01,A,Invoice,24011,24011,8532.19,12866.46,,D/N 6423 · TWK AGRI
2023-09-01,A,Invoice,24012,24012,10350,23216.46,,D/N 6423 EMPTIES · TWK AGRI
2023-09-06,A,Crd Note,6134,6134,-6900,16316.46,,D/N 6392 EMPTIES · TWK AGRI
2023-09-06,A,Invoice,24201,24201,8532.19,24848.65,,D/N 6392 · TWK AGRI
2023-09-06,A,Invoice,24202,24202,10350,35198.65,,D/N 6392 EMPTIES · TWK AGRI
2023-09-26,B,Remit Cash,24560,23075,-3508.84,31689.81,BATCH-2023-09-26,Invoice · STAT 94
2023-09-26,B,Remit Cash,24560,23077,-6727.5,24962.31,BATCH-2023-09-26,Invoice · STAT 94
2023-09-26,B,Remit Cash,24560,5768,4709.25,29671.56,BATCH-2023-09-26,Crd Note · STAT 94
2023-09-26,B,Remit Cash,24560,23311,-6964.08,22707.48,BATCH-2023-09-26,Invoice · STAT 94
2023-09-26,B,Remit Cash,24560,23312,-7400.25,15307.23,BATCH-2023-09-26,Invoice · STAT 94
2023-09-26,B,Remit Cash,24560,5845,5045.62,20352.85,BATCH-2023-09-26,Crd Note · STAT 94
2023-09-26,B,Remit Cash,24560,5845/5875,192.24,20545.09,BATCH-2023-09-26,Crd Note · STAT 94
2023-09-26,B,Remit Cash,24560,5875,336.37,20881.46,BATCH-2023-09-26,Crd Note · STAT 94
2023-09-26,B,Remit Cash,24560,STMT-DIFF-AUG23,0.02,20881.48,BATCH-2023-09-26,Invoice · STAT 94
2023-09-26,C,Discount Journal,DJ-BATCH-2023-09-26,DJ-BATCH-2023-09-26,-367.1,20514.38,BATCH-2023-09-26,Model B pro forma — Dr 240000 / Cr TWK002
2023-10-02,A,Crd Note,6387,6387,-11040,9474.38,,D/N 6492 EMPTIES · TWK AGRI
2023-10-02,A,Invoice,25042,25042,8330.42,17804.8,,D/N 6492 · TWK AGRI
2023-10-02,A,Invoice,25043,25043,11040,28844.8,,D/N 6492 EMPTIES · TWK AGRI
2023-10-09,A,Crd Note,6461,6461,-3450,25394.8,,D/N 6266 EMPTIES · TWK AGRI
2023-10-09,A,Crd Note,6462,6462,-4485,20909.8,,D/N 6266 EMPTIES · TWK AGRI
2023-10-09,A,Invoice,25293,25293,7466.86,28376.66,,D/N 6266 · TWK AGRI
2023-10-09,A,Invoice,25294,25294,4140,32516.66,,D/N 6266 EMPTIES · TWK AGRI
2023-10-26,B,Remit Cash,25906,24011,-4955.14,27561.52,BATCH-2023-10-26,Invoice · STAT 95
2023-10-26,B,Remit Cash,25906,24012,-10091.25,17470.27,BATCH-2023-10-26,Invoice · STAT 95
2023-10-26,B,Remit Cash,25906,24201,-8318.89,9151.38,BATCH-2023-10-26,Invoice · STAT 95
2023-10-26,B,Remit Cash,25906,24202,-10091.25,-939.87,BATCH-2023-10-26,Invoice · STAT 95
2023-10-26,B,Remit Cash,25906,25043,-10764,-11703.87,BATCH-2023-10-26,Invoice · STAT 95
2023-10-26,B,Remit Cash,25906,6078,10091.25,-1612.62,BATCH-2023-10-26,Crd Note · STAT 95
2023-10-26,B,Remit Cash,25906,6134,6727.5,5114.88,BATCH-2023-10-26,Crd Note · STAT 95
2023-10-26,B,Remit Cash,25906,6387,10764,15878.88,BATCH-2023-10-26,Crd Note · STAT 95
2023-10-26,C,Discount Journal,DJ-BATCH-2023-10-26,DJ-BATCH-2023-10-26,-426.6,15452.28,BATCH-2023-10-26,Model B pro forma — Dr 240000 / Cr TWK002
2023-10-31,A,Crd Note,6667,6667,-11040,4412.28,,D/N 6758 EMPTIES · TWK AGRI
2023-10-31,A,Invoice,26027,26027,13315.01,17727.29,,D/N 6758 · TWK AGRI
2023-10-31,A,Invoice,26033,26033,13800,31527.29,,D/N 6758 EMPTIES · TWK AGRI
2023-11-14,A,Crd Note,6810,6810,-10005,21522.29,,D/N 6859 EMPTIES · TWK AGRI
2023-11-14,A,Crd Note,6816,6816,-7532.33,13989.96,,QTY · TWK AGRI
2023-11-14,A,Invoice,26553,26553,7532.25,21522.21,,D/N 6859 · TWK AGRI
2023-11-14,A,Invoice,26554,26554,10350,31872.21,,D/N 6859 EMPTIES · TWK AGRI
2023-11-14,A,Invoice,26577,26577,8764.79,40637,,D/N 6859 · TWK AGRI
2023-11-27,B,Remit Cash,26681,24011,-3450,37187,BATCH-2023-11-27,Invoice · STAT 96
2023-11-27,B,Remit Cash,26681,25042,-8122.16,29064.84,BATCH-2023-11-27,Invoice · STAT 96
2023-11-27,B,Remit Cash,26681,25293,-7280.19,21784.65,BATCH-2023-11-27,Invoice · STAT 96
2023-11-27,B,Remit Cash,26681,25294,-4036.5,17748.15,BATCH-2023-11-27,Invoice · STAT 96
2023-11-27,B,Remit Cash,26681,6461,3363.75,21111.9,BATCH-2023-11-27,Crd Note · STAT 96
2023-11-27,B,Remit Cash,26681,6462,4372.87,25484.77,BATCH-2023-11-27,Crd Note · STAT 96
2023-11-27,B,Remit Cash,26681,26027,-12982.13,12502.64,BATCH-2023-11-27,Invoice · STAT 96
2023-11-27,B,Remit Cash,26681,26033,-13455,-952.36,BATCH-2023-11-27,Invoice · STAT 96
2023-11-27,B,Remit Cash,26681,6667,10764,9811.64,BATCH-2023-11-27,Crd Note · STAT 96
2023-11-27,B*,ERP_OVERPOST,26681,ERP_OVERPOST,-345,9466.64,BATCH-2023-11-27,ERP gross R31 872.29 > remittance gross R31 527.29 — not allocated to invoices
2023-11-27,C,Discount Journal,DJ-BATCH-2023-11-27,DJ-BATCH-2023-11-27,-701.93,8764.71,BATCH-2023-11-27,Model B pro forma — Dr 240000 / Cr TWK002
2023-12-06,A,Crd Note,6990,6990,-16215,-7450.29,,D/N 7111 EMPTIES · TWK AGRI
2023-12-06,A,Invoice,27340,27340,23007.6,15557.31,,D/N 7111 · TWK AGRI
2023-12-06,A,Invoice,27341,27341,19320,34877.31,,D/N 7111 EMPTIES · TWK AGRI
2023-12-19,A,Crd Note,7127,7127,-8625,26252.31,,D/N 7529 EMPTIES · TWK AGRI
2023-12-19,A,Invoice,27764,27764,13119.2,39371.51,,D/N 7529 · TWK AGRI
2023-12-19,A,Invoice,27765,27765,13800,53171.51,,D/N 7529 EMPTIES · TWK AGRI
2024-01-18,A,Crd Note,7332,7332,-8625,44546.51,,D/N 7733 EMPTIES · TWK AGRI
2024-01-18,A,Invoice,28765,28765,10732.43,55278.94,,D/N 7733 · TWK AGRI
2024-01-18,A,Invoice,28766,28766,8625,63903.94,,D/N 7733 EMPTIES · TWK AGRI
2024-01-31,A,Crd Note,7410,7410,-18285,45618.94,,D/N 7370 EMPTIES · TWK AGRI
2024-01-31,A,Invoice,29140,29140,14650.14,60269.08,,D/N 7370 · TWK AGRI
2024-01-31,A,Invoice,29141,29141,13800,74069.08,,D/N 7370 EMPTIES · TWK AGRI
2024-02-26,A,Crd Note,7547,7547,-16146,57923.08,,D/N 7391 EMPTIES · TWK AGRI
2024-02-26,A,Invoice,29889,29889,11363.38,69286.46,,D/N 7391 · TWK AGRI
2024-02-26,A,Invoice,29890,29890,17940,87226.46,,D/N 7391 EMPTIES · TWK AGRI
2024-03-26,B,Remit Cash,29684,23075,-345,86881.46,BATCH-2024-03-26,Invoice · STAT 100
2024-03-26,B,Remit Cash,29684,26554,-10350,76531.46,BATCH-2024-03-26,Invoice · STAT 100
2024-03-26,B,Remit Cash,29684,26577,-8764.79,67766.67,BATCH-2024-03-26,Invoice · STAT 100
2024-03-26,B,Remit Cash,29684,6810,10005,77771.67,BATCH-2024-03-26,Crd Note · STAT 100
2024-03-26,B,Remit Cash,29684,27340,-23007.6,54764.07,BATCH-2024-03-26,Invoice · STAT 100
2024-03-26,B,Remit Cash,29684,27341,-19320,35444.07,BATCH-2024-03-26,Invoice · STAT 100
2024-03-26,B,Remit Cash,29684,6990,16215,51659.07,BATCH-2024-03-26,Crd Note · STAT 100
2024-03-26,B,Remit Cash,29684,27764,-13119.2,38539.87,BATCH-2024-03-26,Invoice · STAT 100
2024-03-26,B,Remit Cash,29684,27765,-13800,24739.87,BATCH-2024-03-26,Invoice · STAT 100
2024-03-26,B,Remit Cash,29684,7127,8625,33364.87,BATCH-2024-03-26,Crd Note · STAT 100
2024-03-26,B,Remit Cash,29684,28766,-8409.37,24955.5,BATCH-2024-03-26,Invoice · STAT 100
2024-03-26,B,Remit Cash,29684,28765,-10464.12,14491.38,BATCH-2024-03-26,Invoice · STAT 100
2024-03-26,B,Remit Cash,29684,7332,8409.37,22900.75,BATCH-2024-03-26,Crd Note · STAT 100
2024-03-26,B,Remit Cash,29684,29140,-14283.89,8616.86,BATCH-2024-03-26,Invoice · STAT 100
2024-03-26,B,Remit Cash,29684,7410,17827.87,26444.73,BATCH-2024-03-26,Crd Note · STAT 100
2024-03-26,B,Remit Cash,29684,29889,-11079.3,15365.43,BATCH-2024-03-26,Invoice · STAT 100
2024-03-26,B,Remit Cash,29684,29890,-17491.5,-2126.07,BATCH-2024-03-26,Invoice · STAT 100
2024-03-26,B,Remit Cash,29684,7547,15742.35,13616.28,BATCH-2024-03-26,Crd Note · STAT 100
2024-03-26,B*,ERP_OVERPOST,29684,ERP_OVERPOST,-3575.49,10040.79,BATCH-2024-03-26,ERP gross R77 692.03 > remittance gross R74 116.54 — not allocated to invoices
2024-03-26,C,Discount Journal,DJ-BATCH-2024-03-26,DJ-BATCH-2024-03-26,-506.36,9534.43,BATCH-2024-03-26,Model B pro forma — Dr 240000 / Cr TWK002
2024-03-27,A,Crd Note,7848,7848,-23920,-14385.57,,30762- EMPTY · TWK AGRI
2024-03-27,A,Invoice,30762,30762,15003.94,618.37,,DN#8075 SO#8034 · TWK AGRI
2024-03-27,A,Invoice,30763,30763,23920,24538.37,,30762- EMPTY · TWK AGRI
2024-04-18,A,Crd Note,8120,8120,-16744,7794.37,,31404- EMPTY · TWK AGRI
2024-04-18,A,Invoice,31404,31404,10825.64,18620.01,,DN#8675 SO#8229 · TWK AGRI
2024-04-18,A,Invoice,31405,31405,17940,36560.01,,31404- EMPTY · TWK AGRI
2024-04-26,B,Remit Cash,30419,29141,-13800,22760.01,BATCH-2024-04-26,Invoice · STAT 101
2024-04-26,B,Remit Cash,30419,30762,-14628.84,8131.17,BATCH-2024-04-26,Invoice · STAT 101
2024-04-26,B,Remit Cash,30419,30763,-23322,-15190.83,BATCH-2024-04-26,Invoice · STAT 101
2024-04-26,B,Remit Cash,30419,7848,23322,8131.17,BATCH-2024-04-26,Crd Note · STAT 101
2024-04-26,C,Discount Journal,DJ-BATCH-2024-04-26,DJ-BATCH-2024-04-26,-375.1,7756.07,BATCH-2024-04-26,Model B pro forma — Dr 240000 / Cr TWK002
2024-05-06,A,Crd Note,8324,8324,-16744,-8987.93,,31907 - EMPTY · TWK AGRI
2024-05-06,A,Invoice,31907,31907,10677.41,1689.48,,DN#8907 SO#8339 · TWK AGRI
2024-05-06,A,Invoice,31908,31908,17940,19629.48,,31907 - EMPTY · TWK AGRI
2024-05-24,A,Crd Note,8530,8530,-19136,493.48,,32419-EMPTY · TWK AGRI
2024-05-24,A,Invoice,32419,32419,17956.15,18449.63,,DN#8920 · TWK AGRI
2024-05-24,A,Invoice,32425,32425,28106,46555.63,,32419-EMPTY · TWK AGRI
2024-05-27,B,Remit Cash,31365,31404,-10555,36000.63,BATCH-2024-05-27,Invoice · STAT 102
2024-05-27,B,Remit Cash,31365,31405,-17491.5,18509.13,BATCH-2024-05-27,Invoice · STAT 102
2024-05-27,B,Remit Cash,31365,8120,16325.4,34834.53,BATCH-2024-05-27,Crd Note · STAT 102
2024-05-27,C,Discount Journal,DJ-BATCH-2024-05-27,DJ-BATCH-2024-05-27,-300.54,34533.99,BATCH-2024-05-27,Model B pro forma — Dr 240000 / Cr TWK002
2024-06-07,A,Crd Note,8700,8700,-548.49,33985.5,,DN#8920 · TWK AGRI
2024-06-20,A,Crd Note,8913,8913,-25116,8869.5,,33277-EMPTY · TWK AGRI
2024-06-20,A,Invoice,33277,33277,15372.51,24242.01,,DN39971 · TWK AGRI
2024-06-20,A,Invoice,33278,33278,26910,51152.01,,33277-EMPTY · TWK AGRI
2024-06-26,B,Remit Cash,31558,31907,-10410.47,40741.54,BATCH-2024-06-26,Invoice · STAT 103
2024-06-26,B,Remit Cash,31558,31908,-17491.5,23250.04,BATCH-2024-06-26,Invoice · STAT 103
2024-06-26,B,Remit Cash,31558,8324,16325.4,39575.44,BATCH-2024-06-26,Crd Note · STAT 103
2024-06-26,B,Remit Cash,31558,32419,-17507.25,22068.19,BATCH-2024-06-26,Invoice · STAT 103
2024-06-26,B,Remit Cash,31558,32425,-27403.35,-5335.16,BATCH-2024-06-26,Invoice · STAT 103
2024-06-26,B,Remit Cash,31558,8530,18657.6,13322.44,BATCH-2024-06-26,Crd Note · STAT 103
2024-06-26,B,Remit Cash,31558,8700,534.59,13857.03,BATCH-2024-06-26,Crd Note · STAT 103
2024-06-26,B*,ERP_OVERPOST,31558,ERP_OVERPOST,-806.27,13050.76,BATCH-2024-06-26,ERP gross R39 057.53 > remittance gross R38 251.26 — not allocated to invoices
2024-06-26,C,Discount Journal,DJ-BATCH-2024-06-26,DJ-BATCH-2024-06-26,-956.28,12094.48,BATCH-2024-06-26,Model B pro forma — Dr 240000 / Cr TWK002
2024-07-04,A,Crd Note,9158,9158,-12075,19.48,,EMPTIES · TWK AGRI
2024-07-04,A,Crd Note,9393,9393,-20930,-20910.52,,D/N 9760 · TWK AGRI
2024-07-04,A,Invoice,33800,33800,8724.99,-12185.53,,D/N 9760 · TWK AGRI
2024-07-04,A,Invoice,33801,33801,12075,-110.53,,EMPTIES · TWK AGRI
2024-07-04,A,Invoice,34285,34285,20930,20819.47,,D/N 9760 · TWK AGRI
2024-07-18,A,Crd Note,9426,9426,-19734,1085.47,,34337-EMPTY · TWK AGRI
2024-07-18,A,Invoice,34342,34342,13613.85,14699.32,,DN#9592 · TWK AGRI
2024-07-18,A,Invoice,34343,34343,19136,33835.32,,34337-EMPTY · TWK AGRI
2024-07-26,B,Remit Cash,32332,8913,24488.1,58323.42,BATCH-2024-07-26,Crd Note · STAT 104
2024-07-26,B,Remit Cash,32332,33277,-14988.2,43335.22,BATCH-2024-07-26,Invoice · STAT 104
2024-07-26,B,Remit Cash,32332,33278,-26237.25,17097.97,BATCH-2024-07-26,Invoice · STAT 104
2024-07-26,B*,ERP_OVERPOST,32332,ERP_OVERPOST,-895.13,16202.84,BATCH-2024-07-26,ERP gross R18 061.64 > remittance gross R17 166.51 — not allocated to invoices
2024-07-26,C,Discount Journal,DJ-BATCH-2024-07-26,DJ-BATCH-2024-07-26,-429.16,15773.68,BATCH-2024-07-26,Model B pro forma — Dr 240000 / Cr TWK002
2024-08-08,A,Crd Note,9769,9769,-22724,-6950.32,,35091-EMPTY · TWK AGRI
2024-08-08,A,Invoice,35091,35091,11606.17,4655.85,,D/N 11370 · TWK AGRI
2024-08-08,A,Invoice,35092,35092,22724,27379.85,,35091-EMPTY · TWK AGRI
2024-08-26,B,Remit Cash,33224,33800,-8506.87,18872.98,BATCH-2024-08-26,Invoice · STAT 105
2024-08-26,B,Remit Cash,33224,34342,-13273.5,5599.48,BATCH-2024-08-26,Invoice · STAT 105
2024-08-26,B,Remit Cash,33224,34343,-18657.6,-13058.12,BATCH-2024-08-26,Invoice · STAT 105
2024-08-26,B,Remit Cash,33224,9426,19240.65,6182.53,BATCH-2024-08-26,Crd Note · STAT 105
2024-08-26,B*,ERP_OVERPOST,33224,ERP_OVERPOST,-598,5584.53,BATCH-2024-08-26,ERP gross R22 338.84 > remittance gross R21 740.84 — not allocated to invoices
2024-08-26,C,Discount Journal,DJ-BATCH-2024-08-26,DJ-BATCH-2024-08-26,-543.52,5041.01,BATCH-2024-08-26,Model B pro forma — Dr 240000 / Cr TWK002
2024-09-06,A,Invoice,36005,36005,15401.49,20442.5,,DN#10943 · TWK AGRI
2024-09-06,A,Invoice,36006,36006,23920,44362.5,,36005-EMPTY · TWK AGRI
2024-09-07,A,Crd Note,10189,10189,-25611.05,18751.45,,36005-EMPTY · TWK AGRI
2024-09-26,B,Remit Cash,33921,33801,-12075,6676.45,BATCH-2024-09-26,Invoice · STAT 106
2024-09-26,B,Remit Cash,33921,9393,20406.75,27083.2,BATCH-2024-09-26,Crd Note · STAT 106
2024-09-26,B,Remit Cash,33921,35091,-11316.02,15767.18,BATCH-2024-09-26,Invoice · STAT 106
2024-09-26,B,Remit Cash,33921,35092,-22155.9,-6388.72,BATCH-2024-09-26,Invoice · STAT 106
2024-09-26,B,Remit Cash,33921,9769,22155.9,15767.18,BATCH-2024-09-26,Crd Note · STAT 106
2024-09-26,B*,ERP_OVERPOST,33921,ERP_OVERPOST,-233.1,15534.08,BATCH-2024-09-26,ERP gross R2 984.27 > remittance gross R2 751.17 — not allocated to invoices
2024-10-03,A,Crd Note,10617,10617,-17100,-1565.92,,EMPTY 10168 · TWK AGRI
2024-10-03,A,Invoice,36926,36926,21036.66,19470.74,,D/N 1068 · TWK AGRI
2024-10-03,A,Invoice,36927,36927,19320,38790.74,,EMPTY 10168 · TWK AGRI
2024-10-03,A,Invoice,37189,37189,21045,59835.74,,36927 EMPTY · TWK AGRI
2024-10-10,A,Crd Note,10723,10723,-19320,40515.74,,EMPTY 10168 · TWK AGRI
2024-10-26,B,Remit Cash,34518,36005,-15016.45,25499.29,BATCH-2024-10-26,Invoice · STAT 107
2024-10-26,B,Remit Cash,34518,36006,-23322,2177.29,BATCH-2024-10-26,Invoice · STAT 107
2024-10-26,C,Discount Journal,DJ-BATCH-2024-10-26,DJ-BATCH-2024-10-26,-983.04,1194.25,BATCH-2024-10-26,Model B pro forma — Dr 240000 / Cr TWK002
2024-10-31,A,Crd Note,11003,11003,-18285,-17090.75,,EMPTY 11171 · TWK AGRI PTY LTD
2024-10-31,A,Invoice,37817,37817,20296.12,3205.37,,D/N 11171 · TWK AGRI PTY LTD
2024-10-31,A,Invoice,37818,37818,20700,23905.37,,EMPTY 11171 · TWK AGRI PTY LTD
2024-11-26,A,Crd Note,11320,11320,-22425,1480.37,,DN#10764 · TWK AGRI PTY LTD
2024-11-26,A,Invoice,38582,38582,34840.07,36320.44,,DN#10764 · TWK AGRI PTY LTD
2024-11-26,B,Remit Cash,35263,36926,-20510.74,15809.7,BATCH-2024-11-26,Invoice · STAT 108
2024-11-26,B,Remit Cash,35263,37189,-20518.87,-4709.17,BATCH-2024-11-26,Invoice · STAT 108
2024-11-26,B,Remit Cash,35263,10617,16672.52,11963.35,BATCH-2024-11-26,Crd Note · STAT 108
2024-11-26,B,Remit Cash,35263,10189,24970.77,36934.12,BATCH-2024-11-26,Crd Note · STAT 108
2024-11-26,B,Remit Cash,35263,37817,-19788.72,17145.4,BATCH-2024-11-26,Invoice · STAT 108
2024-11-26,B,Remit Cash,35263,37818,-20182.5,-3037.1,BATCH-2024-11-26,Invoice · STAT 108
2024-11-26,B,Remit Cash,35263,11003,17827.87,14790.77,BATCH-2024-11-26,Crd Note · STAT 108
2024-11-26,B*,ERP_OVERPOST,35263,ERP_OVERPOST,-500.01,14290.76,BATCH-2024-11-26,ERP gross R22 581.72 > remittance gross R22 081.71 — not allocated to invoices
2024-11-26,C,Discount Journal,DJ-BATCH-2024-11-26,DJ-BATCH-2024-11-26,-552.04,13738.72,BATCH-2024-11-26,Model B pro forma — Dr 240000 / Cr TWK002
2024-12-13,A,Crd Note,11475,11475,-15870,-2131.28,,DN#10831 · TWK AGRI PTY LTD
2024-12-13,A,Invoice,39022,39022,20381.05,18249.77,,DN#10831 · TWK AGRI PTY LTD
2024-12-27,B,Remit Cash,36195,38582,-33969.07,-15719.3,BATCH-2024-12-27,Invoice · STAT 109
2024-12-27,B,Remit Cash,36195,11320,21864.37,6145.07,BATCH-2024-12-27,Crd Note · STAT 109
2024-12-27,C,Discount Journal,DJ-BATCH-2024-12-27,DJ-BATCH-2024-12-27,-310.37,5834.7,BATCH-2024-12-27,Model B pro forma — Dr 240000 / Cr TWK002
2025-01-08,A,Crd Note,11648,11648,-15870,-10035.3,,DN#11910 · TWK AGRI PTY LTD
2025-01-08,A,Invoice,39683,39683,26765.92,16730.62,,DN#11910 · TWK AGRI PTY LTD
2025-01-22,A,Crd Note,11743,11743,-10350,6380.62,,DN#11939 · TWK AGRI PTY LTD
2025-01-22,A,Invoice,40081,40081,15608.03,21988.65,,DN#11939 · TWK AGRI PTY LTD
2025-01-31,B,Remit Cash,36467,39022,-19871.52,2117.13,BATCH-2025-01-31,Invoice · STAT 110
2025-01-31,B,Remit Cash,36467,11475,15473.25,17590.38,BATCH-2025-01-31,Crd Note · STAT 110
2025-01-31,C,Discount Journal,DJ-BATCH-2025-01-31,DJ-BATCH-2025-01-31,-112.78,17477.6,BATCH-2025-01-31,Model B pro forma — Dr 240000 / Cr TWK002
2025-02-05,A,Crd Note,11821,11821,-13282.5,4195.1,,DN#12753 · TWK AGRI PTY LTD
2025-02-05,A,Invoice,40459,40459,22945.95,27141.05,,DN#12753 · TWK AGRI PTY LTD
2025-02-24,A,Crd Note,11953,11953,-15352.5,11788.55,,DN#12795 · TWK AGRI PTY LTD
2025-02-24,A,Invoice,40950,40950,25457.87,37246.42,,DN#12795 · TWK AGRI PTY LTD
2025-03-26,A,Invoice,41747,41747,32064.13,69310.55,,DN#12826 · TWK AGRI PTY LTD
2025-03-27,A,Crd Note,12131,12131,-19837.5,49473.05,,DN#12826 · TWK AGRI PTY LTD
2025-03-31,B,Remit Cash,37770,39683,-26765.92,22707.13,BATCH-2025-03-31,Invoice · STAT 112
2025-03-31,B,Remit Cash,37770,40081,-15217.83,7489.3,BATCH-2025-03-31,Invoice · STAT 112
2025-03-31,B,Remit Cash,37770,11648,15473.25,22962.55,BATCH-2025-03-31,Crd Note · STAT 112
2025-03-31,B,Remit Cash,37770,11743,10091.25,33053.8,BATCH-2025-03-31,Crd Note · STAT 112
2025-03-31,B,Remit Cash,37770,40459,-22372.3,10681.5,BATCH-2025-03-31,Invoice · STAT 112
2025-03-31,B,Remit Cash,37770,11821,12950.44,23631.94,BATCH-2025-03-31,Crd Note · STAT 112
2025-03-31,B,Remit Cash,37770,40950,-24821.42,-1189.48,BATCH-2025-03-31,Invoice · STAT 112
2025-03-31,B,Remit Cash,37770,11953,14968.69,13779.21,BATCH-2025-03-31,Crd Note · STAT 112
2025-03-31,C,Discount Journal,DJ-BATCH-2025-03-31,DJ-BATCH-2025-03-31,-228.93,13550.28,BATCH-2025-03-31,Model B pro forma — Dr 240000 / Cr TWK002
2025-04-07,A,Crd Note,12207,12207,-20324.3,-6774.02,,DN#10546 · TWK AGRI PTY LTD
2025-04-07,A,Crd Note,12214,12214,-12075,-18849.02,,DN#10546 · TWK AGRI PTY LTD
2025-04-07,A,Crd Note,12215,12215,-1249.77,-20098.79,,DN#12826 · TWK AGRI PTY LTD
2025-04-07,A,Invoice,42045,42045,20324.3,225.51,,DN#10546 · TWK AGRI PTY LTD
2025-04-07,A,Invoice,42050,42050,20133.97,20359.48,,DN#10546 · TWK AGRI PTY LTD
2025-04-23,A,Crd Note,12329,12329,-12592.5,7766.98,,DN#13029-EMPTY · TWK AGRI PTY LTD
2025-04-23,A,Invoice,42468,42468,7713.58,15480.56,,DN#13029 · TWK AGRI PTY LTD
2025-04-23,A,Invoice,42469,42469,12592.5,28073.06,,DN#13029-EMPTY · TWK AGRI PTY LTD
2025-04-23,A,Invoice,42470,42470,1236.86,29309.92,,DN#13030 · TWK AGRI PTY LTD
2025-05-16,A,Crd Note,12494,12494,-10649.34,18660.58,,DN#13234 · TWK AGRI PTY LTD
2025-05-16,A,Crd Note,12502,12502,-17250,1410.58,,DN#13234 · TWK AGRI PTY LTD
2025-05-16,A,Invoice,43111,43111,10649.34,12059.92,,DN#13234 · TWK AGRI PTY LTD
2025-05-16,A,Invoice,43112,43112,27899.34,39959.26,,DN#13234 · TWK AGRI PTY LTD
2025-05-23,A,Invoice,43294,43294,24433.21,64392.47,,DN#12257 · TWK AGRI PTY LTD
2025-05-24,A,Crd Note,12550,12550,-14835,49557.47,,DN#12257 · TWK AGRI PTY LTD
2025-05-31,B,Remit Cash,39080,41747,-19341.56,30215.91,BATCH-2025-05-31,Invoice · STAT 114
2025-05-31,B,Remit Cash,39080,12131,6727.5,36943.41,BATCH-2025-05-31,Crd Note · STAT 114
2025-05-31,B,Remit Cash,39080,12131,12614.06,49557.47,BATCH-2025-05-31,Crd Note · STAT 114
2025-05-31,B,Remit Cash,39080,42050,-19630.62,29926.85,BATCH-2025-05-31,Invoice · STAT 114
2025-05-31,B,Remit Cash,39080,12214,11773.12,41699.97,BATCH-2025-05-31,Crd Note · STAT 114
2025-05-31,B,Remit Cash,39080,12215,1218.53,42918.5,BATCH-2025-05-31,Crd Note · STAT 114
2025-05-31,B,Remit Cash,39080,42468,-7520.74,35397.76,BATCH-2025-05-31,Invoice · STAT 114
2025-05-31,B,Remit Cash,39080,42470,-1205.94,34191.82,BATCH-2025-05-31,Invoice · STAT 114
2025-05-31,C,Discount Journal,DJ-BATCH-2025-05-31,DJ-BATCH-2025-05-31,-393.99,33797.83,BATCH-2025-05-31,Model B pro forma — Dr 240000 / Cr TWK002
2025-06-13,A,Crd Note,12724,12724,-16905,16892.83,,DN#12516 · TWK AGRI PTY LTD
2025-06-13,A,Invoice,43909,43909,27762.26,44655.09,,DN#12516 · TWK AGRI PTY LTD
2025-06-26,A,Crd Note,12825,12825,-17250,27405.09,,DN#12335 · TWK AGRI PTY LTD
2025-06-26,A,Invoice,44235,44235,27762.26,55167.35,,DN#12335 · TWK AGRI PTY LTD
2025-07-05,A,Crd Note,12908,12908,-17250,37917.35,,DN#12620 · TWK AGRI PTY LTD
2025-07-05,A,Invoice,44542,44542,27762.26,65679.61,,DN#12620 · TWK AGRI PTY LTD
2025-07-10,A,Invoice,44731,44731,7687.52,73367.13,,DN#12191 · TWK AGRI PTY LTD
2025-07-12,A,Crd Note,12958,12958,-5175,68192.13,,DN#12191 · TWK AGRI PTY LTD
2025-07-14,A,Crd Note,12982,12982,-5175,63017.13,,DN#12202 · TWK AGRI PTY LTD
2025-07-14,A,Invoice,44816,44816,7687.52,70704.65,,DN#12202 · TWK AGRI PTY LTD
2025-07-19,A,Crd Note,13019,13019,-13972.5,56732.15,,DN#12721 · TWK AGRI PTY LTD
2025-07-19,A,Invoice,44967,44967,22515.01,79247.16,,DN#12721 · TWK AGRI PTY LTD
2025-07-26,A,Crd Note,13057,13057,-7762.5,71484.66,,DN 20009 · TWK AGRI PTY LTD
2025-07-26,A,Invoice,45148,45148,3768.78,75253.44,,ON 375149748-001 · TWK AGRI PTY LTD
2025-07-26,A,Invoice,45149,45149,7762.5,83015.94,,DN 20009 · TWK AGRI PTY LTD
2025-08-01,A,Crd Note,13101,13101,-11730,71285.94,,DN #20125 · TWK AGRI PTY LTD
2025-08-01,A,Invoice,45302,45302,20104.97,91390.91,,DN #20125 · TWK AGRI PTY LTD
2025-08-15,A,Crd Note,13235,13235,-16215,75175.91,,DN#20319 · TWK AGRI PTY LTD
2025-08-15,A,Invoice,45666,45666,25831.19,101007.1,,DN#20319 · TWK AGRI PTY LTD
2025-08-29,A,Crd Note,13335,13335,-16905,84102.1,,DN#20560 · TWK AGRI PTY LTD
2025-08-29,A,Invoice,45986,45986,27559.27,111661.37,,DN#20560 · TWK AGRI PTY LTD
2025-09-17,A,Invoice,46470,46470,32866.71,144528.08,,D/N 21042 · TWK AGRI PTY LTD
2025-09-18,A,Crd Note,13500,13500,-20700,123828.08,,D/N 21042 · TWK AGRI PTY LTD
2025-09-30,A,Invoice,46762,46762,11091.26,134919.34,,DN#21079 · TWK AGRI PTY LTD
2025-10-01,A,Crd Note,13587,13587,-7245,127674.34,,DN#21079 · TWK AGRI PTY LTD
2025-10-20,A,Crd Note,13716,13716,-16215,111459.34,,DN#20197 · TWK AGRI PTY LTD
2025-10-20,A,Invoice,47196,47196,36631.64,148090.98,,DN#20197 · TWK AGRI PTY LTD
2025-11-17,A,Crd Note,13874,13874,-15870,132220.98,,DN#20798 EMPTIES · TWK AGRI PTY LTD
2025-11-17,A,Invoice,47714,47714,24390.86,156611.84,,DN#20798 · TWK AGRI PTY LTD
2025-12-08,A,Invoice,48160,48160,24336.02,180947.86,,DN#20905 · TWK AGRI PTY LTD
2025-12-09,A,Crd Note,14034,14034,-15180,165767.86,,DN#20905 · TWK AGRI PTY LTD
2026-01-09,A,Crd Note,14232,14232,-12380.03,153387.83,,DN-20974 · TWK AGRI PTY LTD
2026-01-09,A,Crd Note,14237,14237,-22770,130617.83,,DN-20975 · TWK AGRI PTY LTD
2026-01-09,A,Invoice,48686,48686,12380.03,142997.86,,DN-20974 · TWK AGRI PTY LTD
2026-01-09,A,Invoice,48687,48687,35150.03,178147.89,,DN-20975 · TWK AGRI PTY LTD
2026-02-12,A,Crd Note,14414,14414,-22195,155952.89,,DN#21535 · TWK AGRI PTY LTD
2026-02-12,A,Invoice,49208,49208,35663.47,191616.36,,DN#21535 · TWK AGRI PTY LTD
2026-02-28,B,Remit Cash,43500,41747,-12226.63,179389.73,BATCH-2026-STAT-123,Invoice · STAT 123
2026-02-28,B,Remit Cash,43500,12502,17250,196639.73,BATCH-2026-STAT-123,Crd Note · STAT 123
2026-02-28,B,Remit Cash,43500,43112,-27899.34,168740.39,BATCH-2026-STAT-123,Invoice · STAT 123
2026-02-28,B,Remit Cash,43500,43294,-24433.21,144307.18,BATCH-2026-STAT-123,Invoice · STAT 123
2026-02-28,B,Remit Cash,43500,12550,14835,159142.18,BATCH-2026-STAT-123,Crd Note · STAT 123
2026-02-28,B,Remit Cash,43500,43909,-27762.26,131379.92,BATCH-2026-STAT-123,Invoice · STAT 123
2026-02-28,B,Remit Cash,43500,12724,16905,148284.92,BATCH-2026-STAT-123,Crd Note · STAT 123
2026-02-28,B,Remit Cash,43500,44235,-27762.26,120522.66,BATCH-2026-STAT-123,Invoice · STAT 123
2026-02-28,B,Remit Cash,43500,12825,17250,137772.66,BATCH-2026-STAT-123,Crd Note · STAT 123
2026-02-28,B,Remit Cash,43500,44542,-27762.26,110010.4,BATCH-2026-STAT-123,Invoice · STAT 123
2026-02-28,B,Remit Cash,43500,44731,-7687.52,102322.88,BATCH-2026-STAT-123,Invoice · STAT 123
2026-02-28,B,Remit Cash,43500,12958,5175,107497.88,BATCH-2026-STAT-123,Crd Note · STAT 123
2026-02-28,B,Remit Cash,43500,44816,-7687.52,99810.36,BATCH-2026-STAT-123,Invoice · STAT 123
2026-02-28,B,Remit Cash,43500,12908,17250,117060.36,BATCH-2026-STAT-123,Crd Note · STAT 123
2026-02-28,B,Remit Cash,43500,12982,5175,122235.36,BATCH-2026-STAT-123,Crd Note · STAT 123
2026-02-28,B,Remit Cash,43500,44967,-22515.01,99720.35,BATCH-2026-STAT-123,Invoice · STAT 123
2026-02-28,B,Remit Cash,43500,13019,13972.5,113692.85,BATCH-2026-STAT-123,Crd Note · STAT 123
2026-02-28,B,Remit Cash,43500,45148,-3768.78,109924.07,BATCH-2026-STAT-123,Invoice · STAT 123
2026-02-28,B,Remit Cash,43500,45302,-20104.97,89819.1,BATCH-2026-STAT-123,Invoice · STAT 123
2026-02-28,B,Remit Cash,43500,13101,11730,101549.1,BATCH-2026-STAT-123,Crd Note · STAT 123
2026-02-28,B,Remit Cash,43500,45666,-25831.19,75717.91,BATCH-2026-STAT-123,Invoice · STAT 123
2026-02-28,B,Remit Cash,43500,45986,-27559.27,48158.64,BATCH-2026-STAT-123,Invoice · STAT 123
2026-02-28,B,Remit Cash,43500,46470,-32866.71,15291.93,BATCH-2026-STAT-123,Invoice · STAT 123
2026-02-28,B,Remit Cash,43500,46762,-11091.26,4200.67,BATCH-2026-STAT-123,Invoice · STAT 123
2026-02-28,B,Remit Cash,43500,13235,16215,20415.67,BATCH-2026-STAT-123,Crd Note · STAT 123
2026-02-28,B,Remit Cash,43500,13335,16905,37320.67,BATCH-2026-STAT-123,Crd Note · STAT 123
2026-02-28,B,Remit Cash,43500,13500,10350,47670.67,BATCH-2026-STAT-123,Crd Note · STAT 123
2026-02-28,B,Remit Cash,43500,13587,7245,54915.67,BATCH-2026-STAT-123,Crd Note · STAT 123
2026-02-28,B,Remit Cash,43500,13500,10350,65265.67,BATCH-2026-STAT-123,Crd Note · STAT 123
2026-02-28,B,Remit Cash,43500,47196,-36631.64,28634.03,BATCH-2026-STAT-123,Invoice · STAT 123
2026-02-28,B,Remit Cash,43500,13716,9315,37949.03,BATCH-2026-STAT-123,Crd Note · STAT 123
2026-02-28,B,Remit Cash,43500,10,6900,44849.03,BATCH-2026-STAT-123,Crd Note · STAT 123
2026-02-28,B,Remit Cash,43500,47714,-24390.86,20458.17,BATCH-2026-STAT-123,Invoice · STAT 123
2026-02-28,B,Remit Cash,43500,13874,15870,36328.17,BATCH-2026-STAT-123,Crd Note · STAT 123
2026-02-28,B,Remit Cash,43500,48160,-24336.02,11992.15,BATCH-2026-STAT-123,Invoice · STAT 123
2026-02-28,B,Remit Cash,43500,48687,-35150.03,-23157.88,BATCH-2026-STAT-123,Invoice · STAT 123
2026-02-28,B,Remit Cash,43500,14237,22770,-387.88,BATCH-2026-STAT-123,Crd Note · STAT 123
2026-02-28,B,Remit Cash,43500,14034,15180,14792.12,BATCH-2026-STAT-123,Crd Note · STAT 123
2026-03-06,A,Invoice,49606,49606,23457.21,38249.33,,DN#21950 · TWK AGRI PTY LTD
2026-03-07,A,Crd Note,14554,14554,-15180,23069.33,,DN#21950 · TWK AGRI PTY LTD
2026-03-24,A,Invoice,49882,49882,23348.97,46418.3,,DN-21976 · TWK AGRI PTY LTD
2026-03-25,A,Crd Note,14649,14649,-14490,31928.3,,DN-21976 · TWK AGRI PTY LTD
2026-04-06,A,Invoice,50099,50099,22982.66,54910.96,,DN-22046 · TWK AGRI PTY LTD
2026-04-07,A,Crd Note,14711,14711,-13972.5,40938.46,,DN-22046 · TWK AGRI PTY LTD
2026-04-29,A,Invoice,50439,50439,5300.12,46238.58,,DN-21880 · TWK AGRI PTY LTD
2026-04-29,A,Invoice,50440,50440,10350,56588.58,,DN-21880-EMPTY · TWK AGRI PTY LTD
2026-04-30,A,Crd Note,14820,14820,-10350,46238.58,,DN-21880-EMPTY · TWK AGRI PTY LTD
2026-05-14,A,Invoice,50680,50680,16387.95,62626.53,,DN#22709 · TWK AGRI PTY LTD
2026-05-15,A,Crd Note,14910,14910,-9142.5,53484.03,,DN#22709 · TWK AGRI PTY LTD
2026-05-27,A,Invoice,50898,50898,20332.95,73816.98,,DN#22761 · TWK AGRI PTY LTD
2026-05-28,A,Crd Note,14982,14982,-11385,62431.98,,DN#22761 · TWK AGRI PTY LTD
2026-06-12,A,Invoice,51180,51180,29721.98,92153.96,,DN#22798 · TWK AGRI PTY LTD
2026-06-15,A,Crd Note,15063,15063,-29721.98,62431.98,,DN#22798 · TWK AGRI PTY LTD
2026-06-15,A,Crd Note,15070,15070,-17250,45181.98,,DN#22904-EMPTY · TWK AGRI PTY LTD
2026-06-15,A,Invoice,51226,51226,12471.98,57653.96,,DN#22904 · TWK AGRI PTY LTD
2026-06-15,A,Invoice,51227,51227,17250,74903.96,,DN#22904-EMPTY · TWK AGRI PTY LTD
2026-07-01,A,Crd Note,15155,15155,-17250,57653.96,,DN#22534 · TWK AGRI PTY LTD
2026-07-01,A,Invoice,51496,51496,29721.98,87375.94,,DN#22534 · TWK AGRI PTY LTD
2026-07-15,A,Crd Note,15262,15262,-14835,72540.94,,DN#22576 · TWK AGRI PTY LTD
2026-07-15,A,Invoice,51841,51841,24442.49,96983.43,,DN#22576 · TWK AGRI PTY LTD
2026-07-31,A,Invoice,52241,52241,34052.09,131035.52,,DN#24229 · TWK AGRI PTY LTD
2026-08-01,A,Crd Note,15370,15370,-19665,111370.52,,DN#24229 · TWK AGRI PTY LTD
2026-08-12,A,Crd Note,15443,15443,-11040,100330.52,,DN#23954 · TWK AGRI PTY LTD
2026-08-12,A,Invoice,52484,52484,18138.84,118469.36,,DN#23954 · TWK AGRI PTY LTD
2026-08-26,A,Crd Note,15553,15553,-17077.5,101391.86,,DN#24938 · TWK AGRI PTY LTD
2026-08-26,A,Invoice,52803,52803,28392.35,129784.21,,DN#24938 · TWK AGRI PTY LTD
2026-08-31,B,Remit Cash,45899,14414,22195,151979.21,BATCH-2026-STAT-129,Crd Note · STAT 129
2026-08-31,B,Remit Cash,45899,14554,15180,167159.21,BATCH-2026-STAT-129,Crd Note · STAT 129
2026-08-31,B,Remit Cash,45899,14649,14490,181649.21,BATCH-2026-STAT-129,Crd Note · STAT 129
2026-08-31,B,Remit Cash,45899,14711,13972.5,195621.71,BATCH-2026-STAT-129,Crd Note · STAT 129
2026-08-31,B,Remit Cash,45899,14910,9142.5,204764.21,BATCH-2026-STAT-129,Crd Note · STAT 129
2026-08-31,B,Remit Cash,45899,14982,11385,216149.21,BATCH-2026-STAT-129,Crd Note · STAT 129
2026-08-31,B,Remit Cash,45899,15155,16818.75,232967.96,BATCH-2026-STAT-129,Crd Note · STAT 129
2026-08-31,B,Remit Cash,45899,15370,19173.37,252141.33,BATCH-2026-STAT-129,Crd Note · STAT 129
2026-08-31,B,Remit Cash,45899,15262,14464.12,266605.45,BATCH-2026-STAT-129,Crd Note · STAT 129
2026-08-31,B,Remit Cash,45899,49208,-35663.47,230941.98,BATCH-2026-STAT-129,Invoice · STAT 129
2026-08-31,B,Remit Cash,45899,49606,-23457.21,207484.77,BATCH-2026-STAT-129,Invoice · STAT 129
2026-08-31,B,Remit Cash,45899,49882,-23348.97,184135.8,BATCH-2026-STAT-129,Invoice · STAT 129
2026-08-31,B,Remit Cash,45899,50099,-22982.66,161153.14,BATCH-2026-STAT-129,Invoice · STAT 129
2026-08-31,B,Remit Cash,45899,50439,-5300.12,155853.02,BATCH-2026-STAT-129,Invoice · STAT 129
2026-08-31,B,Remit Cash,45899,50680,-16387.95,139465.07,BATCH-2026-STAT-129,Invoice · STAT 129
2026-08-31,B,Remit Cash,45899,50898,-20332.95,119132.12,BATCH-2026-STAT-129,Invoice · STAT 129
2026-08-31,B,Remit Cash,45899,51226,-12160.18,106971.94,BATCH-2026-STAT-129,Invoice · STAT 129
2026-08-31,B,Remit Cash,45899,51496,-28978.93,77993.01,BATCH-2026-STAT-129,Invoice · STAT 129
2026-08-31,B,Remit Cash,45899,51841,-4036.5,73956.51,BATCH-2026-STAT-129,Invoice · STAT 129
2026-08-31,B,Remit Cash,45899,51841,-19794.93,54161.58,BATCH-2026-STAT-129,Invoice · STAT 129
2026-08-31,B,Remit Cash,45899,52241,-33200.79,20960.79,BATCH-2026-STAT-129,Invoice · STAT 129
2026-08-31,C,Discount Journal,DJ-BATCH-2026-STAT-129,DJ-BATCH-2026-STAT-129,-1223.45,19737.34,BATCH-2026-STAT-129,Model B pro forma — Dr 240000 / Cr TWK002
