ITEM NUMBER,CAT,GROUP,DESCRIPTION,BIN,,NORMAL,FAULTY,SUPPLR,SWP-OUT,OTHER,TOTAL,COST,VALUE
00000333,,,PLANT POTTING BAG,,EA,10.00,0.00,0.00,0.00,0.00,10.00,N/A,N/A
00000401,,,22/01/2025-LARGE POTATOES,,EA,8.00,0.00,0.00,0.00,0.00,8.00,N/A,N/A
00000402,,,11/02/2025-LARGE POTATOES,,EA,25.00,0.00,0.00,0.00,0.00,25.00,N/A,N/A
GAS REPAIRS,,,GAS SERVICES AND REPAIRS,,EA,1.00,0.00,0.00,0.00,0.00,1.00,N/A,N/A
1401,14K,LPG,14KG LPG PACKED,,EA,15.00,0.00,0.00,0.00,0.00,15.00,N/A,N/A
1901,19K,LPG,19KG LPG PACKED,,EA,41.00,0.00,0.00,0.00,0.00,41.00,N/A,N/A
9.4,9KG,LPG,9KG ORYX LPG,,EA,19.00,0.00,0.00,0.00,0.00,19.00,N/A,N/A
901,9KG,LPG,9KG LPG PACKED 01,,EA,136.00,0.00,0.00,0.00,0.00,136.00,N/A,N/A
00000010,AGR,FEED,MULTI-BRAND BUDGIE SEED 1 KG,,EA,14.00,0.00,0.00,0.00,0.00,14.00,N/A,N/A
00000014,AGR,HEALTH,SYRINGE 20ML,,EA,1.00,0.00,0.00,0.00,0.00,1.00,N/A,N/A
00000015,AGR,HEALTH,SYRINGE 10ML,,EA,1.00,0.00,0.00,0.00,0.00,1.00,N/A,N/A
00000020,AGR,COMMOD,MULTI-BRAND WHOLE YELLOW MAIZE 10KG,,EA,1.00,0.00,0.00,0.00,0.00,1.00,N/A,N/A
00000029,AGR,CONSUM,BOX OF ICE PACKS (75 UNIT),,EA,2.00,0.00,0.00,0.00,0.00,2.00,N/A,N/A
00000030,AGR,COMMOD,WHOLE YELLOW MAIZE 50KGS,,EA,1.00,0.00,0.00,0.00,0.00,1.00,N/A,N/A
00000031,AGR,COMMOD,WHOLE YELLOW MAIZE 25KG,,EA,1.00,0.00,0.00,0.00,0.00,1.00,N/A,N/A
00000042,AGR,HEALTH,NEEDLE 18G X 1.5 DDD NEEDLECARE,,EA,260.00,0.00,0.00,0.00,0.00,260.00,N/A,N/A
00000046,AGR,COMMOD,MULTI-BRAND COARSE CRUSH 10KG,,EA,1.00,0.00,0.00,0.00,0.00,1.00,N/A,N/A
00000050,AGR,PETFOO,MULTI-BRAND BUDGIE SEED 2KG,,EA,2.00,0.00,0.00,0.00,0.00,2.00,N/A,N/A
00000057,AGR,PETFOO,MULTI-BRAND WILD BIRD SEED 10KG,,EA,1.00,0.00,0.00,0.00,0.00,1.00,N/A,N/A
00000058,AGR,HEALTH,BELLS NR. 3,,EA,3.00,0.00,0.00,0.00,0.00,3.00,N/A,N/A
00000059,AGR,HEALTH,BELLS NR. 2,,EA,4.00,0.00,0.00,0.00,0.00,4.00,N/A,N/A
00000060,AGR,HEALTH,BELLS NR. 1,,EA,2.00,0.00,0.00,0.00,0.00,2.00,N/A,N/A
00000063,AGR,PETFOO,TYRE PET BEDS - MEDIUM,,EA,2.00,0.00,0.00,0.00,0.00,2.00,N/A,N/A
00000069,AGR,COMMOD,BALE LUCERNE GR1,,EA,1.00,0.00,0.00,0.00,0.00,1.00,N/A,N/A
00000072,AGR,HEALTH,CALF NOSE WEANER,,EA,1.00,0.00,0.00,0.00,0.00,1.00,N/A,N/A
00000073,AGR,COMMOD,MOLLASES LIQUID,,EA,-13.00,0.00,0.00,0.00,0.00,-13.00,N/A,N/A
00000074,AGR,SEED,ONIONS 25G,,EA,110.00,0.00,0.00,0.00,0.00,110.00,N/A,N/A
00000078,AGR,SEED,SPINACH 100G,,EA,-1.00,0.00,0.00,0.00,0.00,-1.00,N/A,N/A
00000084,AGR,SEED,CABBAGE 500G,,EA,1.00,0.00,0.00,0.00,0.00,1.00,N/A,N/A
00000099,AGR,FEED,MOLLASES MEAL,,EA,-3.00,0.00,0.00,0.00,0.00,-3.00,N/A,N/A
00000100,AGR,COMMOD,HOMINY CHOP 50KG,,EA,2.00,0.00,0.00,0.00,0.00,2.00,N/A,N/A
00000105,AGR,COMMOD,MAGNESIUM SULPHATE 25KG,,EA,3.00,0.00,0.00,0.00,0.00,3.00,N/A,N/A
00000108,AGR,HEALTH,LACTO LAMB 2KG,,EA,5.00,0.00,0.00,0.00,0.00,5.00,N/A,N/A
00000113,AGR,LPG AC,UNIVERSAL THERMOCOUPLE,,EA,5.00,0.00,0.00,0.00,0.00,5.00,N/A,N/A
00000116,AGR,PETFOO,TROPICAL PARROT 5KG,,EA,1.00,0.00,0.00,0.00,0.00,1.00,N/A,N/A
00000118,AGR,COMMOD,WHEAT 2KG,,EA,1.00,0.00,0.00,0.00,0.00,1.00,N/A,N/A
00000121,AGR,FERTIL,GROUNDOG POTTING MEDIUM 30DM,,EA,17.00,0.00,0.00,0.00,0.00,17.00,N/A,N/A
00000130,AGR,FERTIL,2.3.4(30) + 0.5%ZN (UREA BLEND) 50KG/TON,,EA,1.00,0.00,0.00,0.00,0.00,1.00,N/A,N/A
00000132,AGR,HEALTH,LACTO CALF 2KG,,EA,4.00,0.00,0.00,0.00,0.00,4.00,N/A,N/A
00000139,AGR,COMMOD,SEEDLING MIX 30DM,,EA,2.00,0.00,0.00,0.00,0.00,2.00,N/A,N/A
00000140,AGR,COMMOD,MULTI-BRAND WHOLE YELLOW MAIZE 5KG,,EA,1.00,0.00,0.00,0.00,0.00,1.00,N/A,N/A
00000143,AGR,SEED,YELLOW MAIZE SEED 200G,,EA,2.00,0.00,0.00,0.00,0.00,2.00,N/A,N/A
00000149,AGR,SEED,MULTI BRAND VEGETABLE SEEDLINGS,,EA,64.00,0.00,0.00,0.00,0.00,64.00,N/A,N/A
00000160,AGR,HEALTH,LACTO LAMB 5KG,,EA,5.00,0.00,0.00,0.00,0.00,5.00,N/A,N/A
00000161,AGR,HEALTH,LACTO CALF 5KG,,EA,3.00,0.00,0.00,0.00,0.00,3.00,N/A,N/A
00000170,AGR,CONSUM,PORCELAIN GLOBE HOLDER,,EA,1.00,0.00,0.00,0.00,0.00,1.00,N/A,N/A
00000171,AGR,SEED,CUCUMBER GARDEN SWEET BURPLESS SEED,,EA,1.00,0.00,0.00,0.00,0.00,1.00,N/A,N/A
00000172,AGR,SEED,CUCUMBER ASHLEY SEED,,EA,1.00,0.00,0.00,0.00,0.00,1.00,N/A,N/A
00000175,AGR,SEED,CAPSICUM SANTORINI - RED BELL PEPPER,,EA,2.00,0.00,0.00,0.00,0.00,2.00,N/A,N/A
00000176,AGR,SEED,CAPSICUM CALIFORNIA WONDER - GREEN BELL,,EA,4.00,0.00,0.00,0.00,0.00,4.00,N/A,N/A
00000177,AGR,SEED,CAPSICUM KAVANGO - YELLOW BELL PEPPER,,EA,3.00,0.00,0.00,0.00,0.00,3.00,N/A,N/A
00000178,AGR,SEED,BEANS BUSH CONTENDER (BUSH VARIETY),,EA,1.00,0.00,0.00,0.00,0.00,1.00,N/A,N/A
00000183,AGR,SEED,SQUASH BUTTERNUT WALTHAM,,EA,8.00,0.00,0.00,0.00,0.00,8.00,N/A,N/A
00000184,AGR,SEED,CELERY TALL UTAH,,EA,2.00,0.00,0.00,0.00,0.00,2.00,N/A,N/A
00000186,AGR,SEED,TOMATO MONEYMAKER,,EA,1.00,0.00,0.00,0.00,0.00,1.00,N/A,N/A
00000189,AGR,COMMOD,HAY BALES SQUARE,,EA,20.00,0.00,0.00,0.00,0.00,20.00,N/A,N/A
00000192,AGR,CONSUM,MULTI-BRAND SWINGS,,EA,2.00,0.00,0.00,0.00,0.00,2.00,N/A,N/A
00000195,AGR,HEALTH,NEEDLES L 18GX25MM 1 INCH P/12,,EA,1.00,0.00,0.00,0.00,0.00,1.00,N/A,N/A
00000199,AGR,HARDWA,TREATED POLES 2.4B - 2.4M 75-100MM,,EA,2.00,0.00,0.00,0.00,0.00,2.00,N/A,N/A
00000200,AGR,HARDWA,TREATED POLES 3.0B - 3.0M 75-100MM,,EA,1.00,0.00,0.00,0.00,0.00,1.00,N/A,N/A
00000204,AGR,FEED,STOCKMAN MEAL 40KG,,EA,7.00,0.00,0.00,0.00,0.00,7.00,N/A,N/A
00000205,AGR,SEED,BEANS GADRA 500G,,EA,2.00,0.00,0.00,0.00,0.00,2.00,N/A,N/A
00000207,AGR,SEED,BEANS BWINDI DRY 500G,,EA,1.00,0.00,0.00,0.00,0.00,1.00,N/A,N/A
00000210,AGR,SEED,EGG FRUIT LONG PURPLE SEED 2G,,EA,2.00,0.00,0.00,0.00,0.00,2.00,N/A,N/A
00000231,AGR,FERTIL,CHICKEN LITTER - 30DM,,EA,5.00,0.00,0.00,0.00,0.00,5.00,N/A,N/A
00000232,AGR,LPG AC,BULLNOSE 'O' RING FOR PIGTAIL,,EA,11.00,0.00,0.00,0.00,0.00,11.00,N/A,N/A
00000233,AGR,LPG AC,BULLNOSE HANDWHEEL,,EA,6.00,0.00,0.00,0.00,0.00,6.00,N/A,N/A
00000234,AGR,LPG AC,LIQUID STEM,,EA,4.00,0.00,0.00,0.00,0.00,4.00,N/A,N/A
00000236,AGR,LPG AC,SHUT OFF VALVE 1/2,,EA,5.00,0.00,0.00,0.00,0.00,5.00,N/A,N/A
00000237,AGR,LPG AC,SHUT OFF VALVE 1/4,,EA,5.00,0.00,0.00,0.00,0.00,5.00,N/A,N/A
00000238,AGR,LPG AC,SHUT OFF VALVE 1/4 BUTTERFLY,,EA,6.00,0.00,0.00,0.00,0.00,6.00,N/A,N/A
00000239,AGR,LPG AC,SHUT OFF VALVE 3/8 BUTTERFLY,,EA,7.00,0.00,0.00,0.00,0.00,7.00,N/A,N/A
00000241,AGR,LPG AC,UNIVERSAL THERMOCOUPLE 900MM,,EA,1.00,0.00,0.00,0.00,0.00,1.00,N/A,N/A
00000242,AGR,LPG AC,LOW PRESSURE INLINE REG SINGLE (M)BRASS,,EA,3.00,0.00,0.00,0.00,0.00,3.00,N/A,N/A
00000243,AGR,LPG AC,LOW PRESSURE REG SINGLE 5KG (S) CRIMPED,,EA,7.00,0.00,0.00,0.00,0.00,7.00,N/A,N/A
00000244,AGR,LPG AC,LOW PRESSURE C/O REGULATOR KIT(M)BRASS,,EA,3.00,0.00,0.00,0.00,0.00,3.00,N/A,N/A
00000245,AGR,LPG AC,LOW PRESSURE C/O REG KIT 5KG(S) CRIMPED,,EA,6.00,0.00,0.00,0.00,0.00,6.00,N/A,N/A
00000246,AGR,LPG AC,CHANGE OVER PIGTAIL 7/16 (500MM) BRASS,,EA,3.00,0.00,0.00,0.00,0.00,3.00,N/A,N/A
00000247,AGR,LPG AC,CHANGEOVER VALVE,,EA,9.00,0.00,0.00,0.00,0.00,9.00,N/A,N/A
00000248,AGR,LPG AC,ADAPTOR C X B,,EA,4.00,0.00,0.00,0.00,0.00,4.00,N/A,N/A
00000249,AGR,LPG AC,GAS FILLING HOSE,,EA,3.00,0.00,0.00,0.00,0.00,3.00,N/A,N/A
00000251,AGR,LPG AC,BULLNOSE REGULATOR LOW PRESSURE,,EA,6.00,0.00,0.00,0.00,0.00,6.00,N/A,N/A
00000253,AGR,LPG AC,BULLNOSE REGULATOR FOR OUTDOOR USE (4KG),,EA,7.00,0.00,0.00,0.00,0.00,7.00,N/A,N/A
00000255,AGR,LPG AC,ADAPTOR B X H,,EA,9.00,0.00,0.00,0.00,0.00,9.00,N/A,N/A
00000257,AGR,LPG AC,BRASS Y CONNECTOR - 8 MM,,EA,1.00,0.00,0.00,0.00,0.00,1.00,N/A,N/A
00000258,AGR,LPG AC,GAS HOSE 8MM 30M,,EA,1.00,0.00,0.00,0.00,0.00,1.00,N/A,N/A
00000260,AGR,LPG AC,1/4 FEMALE HOSE TAIL,,EA,1.00,0.00,0.00,0.00,0.00,1.00,N/A,N/A
00000262,AGR,LPG AC,1/2 FEMALE HOSETAIL WASHER,,EA,13.00,0.00,0.00,0.00,0.00,13.00,N/A,N/A
00000263,AGR,LPG AC,1/2 X 1/2 UNION COUPLER (62-8),,EA,9.00,0.00,0.00,0.00,0.00,9.00,N/A,N/A
00000264,AGR,LPG AC,1/2M X 3/8 OD COUPLER (68-6C),,EA,9.00,0.00,0.00,0.00,0.00,9.00,N/A,N/A
00000265,AGR,LPG AC,1/2M X 1/4 OD COUPLER (68-4D),,EA,3.00,0.00,0.00,0.00,0.00,3.00,N/A,N/A
00000266,AGR,LPG AC,3/8 M X 1/2 OD COUPLER (66-8C),,EA,24.00,0.00,0.00,0.00,0.00,24.00,N/A,N/A
00000267,AGR,LPG AC,3/8 M X 3/8 OD COUPLER (68-6B),,EA,4.00,0.00,0.00,0.00,0.00,4.00,N/A,N/A
00000268,AGR,LPG AC,3/8 M X 1/4 OD COUPLER (68-4C),,EA,1.00,0.00,0.00,0.00,0.00,1.00,N/A,N/A
00000269,AGR,LPG AC,1/4 M X 1/2 OD COUPLER (68-8B),,EA,2.00,0.00,0.00,0.00,0.00,2.00,N/A,N/A
00000271,AGR,LPG AC,1/4 M X 1/4 OD COUPLER (68-4A),,EA,5.00,0.00,0.00,0.00,0.00,5.00,N/A,N/A
00000272,AGR,LPG AC,1/4 M X 5/16 OD COUPLER (68-5A),,EA,3.00,0.00,0.00,0.00,0.00,3.00,N/A,N/A
00000273,AGR,LPG AC,COUPLER 1/8M X 3/8 OD (68-6A),,EA,5.00,0.00,0.00,0.00,0.00,5.00,N/A,N/A
00000274,AGR,LPG AC,1/2 F X 1/2 OD COUPLER,,EA,5.00,0.00,0.00,0.00,0.00,5.00,N/A,N/A
00000275,AGR,LPG AC,1/2F X 3/8 OD COUPLER (66-6D),,EA,2.00,0.00,0.00,0.00,0.00,2.00,N/A,N/A
00000277,AGR,LPG AC,3/8 F X 3/8 OD COUPLER (66-6C),,EA,6.00,0.00,0.00,0.00,0.00,6.00,N/A,N/A
00000278,AGR,LPG AC,1/4 F X 3/8 OD COUPLER,,EA,3.00,0.00,0.00,0.00,0.00,3.00,N/A,N/A
00000279,AGR,LPG AC,1/4 F X 1/4 OD COUPLER (66-4A),,EA,10.00,0.00,0.00,0.00,0.00,10.00,N/A,N/A
00000281,AGR,FERTIL,ACID MIX - 30DM,,EA,2.00,0.00,0.00,0.00,0.00,2.00,N/A,N/A
00000284,AGR,FERTIL,VEG MIX - 30DM,,EA,1.00,0.00,0.00,0.00,0.00,1.00,N/A,N/A
00000285,AGR,FERTIL,VEG VERMI - 30DM,,EA,1.00,0.00,0.00,0.00,0.00,1.00,N/A,N/A
00000286,AGR,FERTIL,GERMINATION MIX - 30DM,,EA,1.00,0.00,0.00,0.00,0.00,1.00,N/A,N/A
00000287,AGR,FERTIL,BUFFERED COCO PEAT 100% - 30DM,,EA,1.00,0.00,0.00,0.00,0.00,1.00,N/A,N/A
00000289,AGR,FERTIL,VERMICULITE -30DM,,EA,2.00,0.00,0.00,0.00,0.00,2.00,N/A,N/A
00000290,AGR,FERTIL,SOIL CONDITIONER 30DM OFA BAG,,EA,2.00,0.00,0.00,0.00,0.00,2.00,N/A,N/A
00000291,AGR,FERTIL,PERLITE - 30DM,,EA,2.00,0.00,0.00,0.00,0.00,2.00,N/A,N/A
00000293,AGR,FERTIL,GARDEN MULCH - 30DM (+ 19MM),,EA,1.00,0.00,0.00,0.00,0.00,1.00,N/A,N/A
00000295,AGR,FERTIL,PLANT VIGOUR 500ML,,EA,2.00,0.00,0.00,0.00,0.00,2.00,N/A,N/A
00000296,AGR,COMMOD,FEEDLIME 50KG (LIMESTONE),,EA,10.00,0.00,0.00,0.00,0.00,10.00,N/A,N/A
00000298,AGR,SEED,LAKE MAIZE 711 GREEN TAXI PACK 200G,,EA,-21.00,0.00,0.00,0.00,0.00,-21.00,N/A,N/A
00000299,AGR,LPG AC,PEX SLEEVE TAN 25MM,,EA,50.00,0.00,0.00,0.00,0.00,50.00,N/A,N/A
00000301,AGR,LPG AC,PEX HOLDER BAT CLOSED 25MM,,EA,50.00,0.00,0.00,0.00,0.00,50.00,N/A,N/A
00000304,AGR,LPG AC,1/2 M X 1/2 OD COUPLER (68-8A),,EA,40.00,0.00,0.00,0.00,0.00,40.00,N/A,N/A
00000305,AGR,LPG AC,COUPLER 1/2 COPPER TO 8MM HOSE,,EA,3.00,0.00,0.00,0.00,0.00,3.00,N/A,N/A
00000306,AGR,LPG AC,1/2 MALE HOSE TAIL,,EA,26.00,0.00,0.00,0.00,0.00,26.00,N/A,N/A
00000308,AGR,,ALLFLEX EARTAG SHEEP M/F GREEN 20,,EA,3.00,0.00,0.00,0.00,0.00,3.00,N/A,N/A
00000310,AGR,,WHEAT 10KG,,EA,5.00,0.00,0.00,0.00,0.00,5.00,N/A,N/A
00000315,AGR,,MULTI-BRAND COARSE CRUSH 40KG,,EA,5.00,0.00,0.00,0.00,0.00,5.00,N/A,N/A
00000316,AGR,,MACROSOURCE UREA (46) 50KG,,EA,1.00,0.00,0.00,0.00,0.00,1.00,N/A,N/A
00000320,AGR,,WOOD SHAVINGS SMALL BAG,,EA,7.00,0.00,0.00,0.00,0.00,7.00,N/A,N/A
00000321,AGR,,GLOVES LATEX LARGE 100'S,,EA,1.00,0.00,0.00,0.00,0.00,1.00,N/A,N/A
00000322,AGR,,MULTI-BRAND WILD BIRD SEED 1KG,,EA,1.00,0.00,0.00,0.00,0.00,1.00,N/A,N/A
00000324,AGR,,LACTO CALF 1KG,,EA,10.00,0.00,0.00,0.00,0.00,10.00,N/A,N/A
00000326,AGR,,BKB DRUMMERBOY SHEEP SHEAR,,EA,1.00,0.00,0.00,0.00,0.00,1.00,N/A,N/A
00000328,AGR,,BBRUG SAIA OATS BARSAIA 5KG,,EA,1.00,0.00,0.00,0.00,0.00,1.00,N/A,N/A
00000329,AGR,,SALT NO 2 COARSE 50KG,,EA,1.00,0.00,0.00,0.00,0.00,1.00,N/A,N/A
00000330,AGR,,BBRUG TURNIP MAMMOTH PURPLE 20G,,EA,50.00,0.00,0.00,0.00,0.00,50.00,N/A,N/A
00000331,AGR,,BBRUG SAIA OATS BARSAIA 1KG,,EA,4.00,0.00,0.00,0.00,0.00,4.00,N/A,N/A
00000332,AGR,,BBRUG SAIA OATS BARSAIA 500G,,EA,2.00,0.00,0.00,0.00,0.00,2.00,N/A,N/A
00000335,AGR,,SALT BLOCK 55KG,,EA,1.00,0.00,0.00,0.00,0.00,1.00,N/A,N/A
00000336,AGR,,OPTIMISER INJECTOR,,EA,10.00,0.00,0.00,0.00,0.00,10.00,N/A,N/A
00000341,AGR,,VALOR POTATOES LARGE 10KG BAG,,EA,222.50,0.00,0.00,0.00,0.00,222.50,N/A,N/A
00000342,AGR,,1/4 FEMALE EQUAL TEE (112-4),,EA,1.00,0.00,0.00,0.00,0.00,1.00,N/A,N/A
00000343,AGR,,LANORMA POTATOES LARGE,,EA,110.00,0.00,0.00,0.00,0.00,110.00,N/A,N/A
00000344,AGR,,VALOR POTATOES MEDIUM,,EA,26.00,0.00,0.00,0.00,0.00,26.00,N/A,N/A
00000346,AGR,,MONDIAL POTATOES L / M 10KG,,EA,128.00,0.00,0.00,0.00,0.00,128.00,N/A,N/A
00000348,AGR,,VALOUR POTATOE SEED,,EA,2.00,0.00,0.00,0.00,0.00,2.00,N/A,N/A
00000349,AGR,,MONDIAL POTATO SEED 25KG,,EA,1.00,0.00,0.00,0.00,0.00,1.00,N/A,N/A
00000354,AGR,,VOERMOL FEED MOLASSES SYRUP 25KG,,EA,2.00,0.00,0.00,0.00,0.00,2.00,N/A,N/A
00000356,AGR,,MONDIAL POTATO (WASHED) 7KG,,EA,2.00,0.00,0.00,0.00,0.00,2.00,N/A,N/A
00000359,AGR,COMMOD,MULTIBRAND TOLL 3M BS ZZ2 TOMATOES 3KG,,EA,13.00,0.00,0.00,0.00,0.00,13.00,N/A,N/A
00000361,AGR,,SIFRA 1 L 10KG SERKEL POTATO,,EA,11.00,0.00,0.00,0.00,0.00,11.00,N/A,N/A
00000362,AGR,,"GAS VAPOUR PIGTAIL 1/4"" (500MM) CRIMPED",,EA,3.00,0.00,0.00,0.00,0.00,3.00,N/A,N/A
00000363,AGR,,SPIND 'O' RING WASHER,,EA,5.00,0.00,0.00,0.00,0.00,5.00,N/A,N/A
00000364,AGR,,PANAMERA POTATO (WASHED),,EA,201.00,0.00,0.00,0.00,0.00,201.00,N/A,N/A
00000365,AGR,,3/8 M X 3/8 SOLDER COUPLER,,EA,5.00,0.00,0.00,0.00,0.00,5.00,N/A,N/A
00000366,AGR,,ONIONS SMALL MEDIUM CLASS 1 10KG,,EA,295.00,0.00,0.00,0.00,0.00,295.00,N/A,N/A
00000367,AGR,,POTATOES XDSL PANAMERA L/M CCASS 1,,EA,7.00,0.00,0.00,0.00,0.00,7.00,N/A,N/A
00000368,AGR,,POTATOES ALZ MONDIAL LARGE CLASS 1,,EA,46.00,0.00,0.00,0.00,0.00,46.00,N/A,N/A
00000369,AGR,,TAAI MONDIAL 1ST SM 10KG,,EA,70.00,0.00,0.00,0.00,0.00,70.00,N/A,N/A
00000370,AGR,,GADDA MONDIAL 1ST LM 10KG,,EA,89.00,0.00,0.00,0.00,0.00,89.00,N/A,N/A
00000371,AGR,COMMOD,WILLI MONDIAL LM 10KG,,EA,25.00,0.00,0.00,0.00,0.00,25.00,N/A,N/A
00000372,AGR,COMMOD,ALZ MONDIAL LM 10KG,,EA,25.00,0.00,0.00,0.00,0.00,25.00,N/A,N/A
00000374,AGR,SEED,POTATO SEED 650C VALOR 25KG,,EA,4.50,0.00,0.00,0.00,0.00,4.50,N/A,N/A
00000375,AGR,COMMOD,AGR COMMODITIES SAMPLES,,EA,5.00,0.00,0.00,0.00,0.00,5.00,N/A,N/A
00000376,AGR,,DOT MONDIAL LM 1 10KG,,EA,19.00,0.00,0.00,0.00,0.00,19.00,N/A,N/A
00000378,AGR,,2.3.2(22)U+0.32%ZN,,EA,2.00,0.00,0.00,0.00,0.00,2.00,N/A,N/A
00000390,AGR,,PEX TEE (PEX – PEX – PEX) T16,,EA,1.00,0.00,0.00,0.00,0.00,1.00,N/A,N/A
00000391,AGR,,PEX ELBOW (PEX – PEX) L16,,EA,1.00,0.00,0.00,0.00,0.00,1.00,N/A,N/A
00000392,AGR,,PEX BUTTERFLY VALVE (PEX 16 – 8MM) (CRIM,,EA,2.00,0.00,0.00,0.00,0.00,2.00,N/A,N/A
00000393,AGR,,COUPLER 3/8 COPPER TO 8MM HOSE,,EA,9.00,0.00,0.00,0.00,0.00,9.00,N/A,N/A
00000397,AGR,,SHUT OFF VALVE 3/4 BUTTERFLY,,EA,4.00,0.00,0.00,0.00,0.00,4.00,N/A,N/A
00000400,AGR,,19/01/2025-LARGEMED POTATOES,,EA,23.00,0.00,0.00,0.00,0.00,23.00,N/A,N/A
00000404,AGR,COMMOD,30-01-2026 LARGE MONDIAL,,EA,6.00,0.00,0.00,0.00,0.00,6.00,N/A,N/A
00000407,AGR,COMMOD,17-02-2026 -LARGE POTATOES BEN,,EA,17.00,0.00,0.00,0.00,0.00,17.00,N/A,N/A
00000408,AGR,,21-02-2026 MONDIAL LARGE,,EA,110.00,0.00,0.00,0.00,0.00,110.00,N/A,N/A
00000409,AGR,,26-02-2026 MONDIAL LARGE,,EA,2.00,0.00,0.00,0.00,0.00,2.00,N/A,N/A
00130001,AGR,PETFOO,"BOBTAIL ADULT DOG FD 25KG, STEAK MED LRG",,EA,1.00,0.00,0.00,0.00,0.00,1.00,N/A,N/A
00130002,AGR,PETFOO,"BOBTAIL ADULT DOG FD 25KG, CHICK",,EA,1.00,0.00,0.00,0.00,0.00,1.00,N/A,N/A
00190001,AGR,PETFOO,EPOL LAYER MASH 40KG,,EA,2.00,0.00,0.00,0.00,0.00,2.00,N/A,N/A
00190013,AGR,FEED,EPOL POST FINISHER (40KG),,EA,6.00,0.00,0.00,0.00,0.00,6.00,N/A,N/A
00190019,AGR,FEED,EPOL SOW AND BOAR 40KG,,EA,2.00,0.00,0.00,0.00,0.00,2.00,N/A,N/A
00190023,AGR,FEED,EPOL HERBIVORE ALL IN ONE PELLET 40KG,,EA,1.00,0.00,0.00,0.00,0.00,1.00,N/A,N/A
00190025,AGR,FEED,EPOL SURE-LAY PHASE 2 PELLETS BAG 40KG,,EA,1.00,0.00,0.00,0.00,0.00,1.00,N/A,N/A
00190026,AGR,FEED,EPOL OPTIGRO BRL STARTER CRUMBLE 40KG,,EA,1.00,0.00,0.00,0.00,0.00,1.00,N/A,N/A
00190027,AGR,FEED,EPOL OPTIGRO BRL FINISHER PELLET 40KG,,EA,1.00,0.00,0.00,0.00,0.00,1.00,N/A,N/A
00190028,AGR,FEED,OPTIGRO PIG WEANER CR BG 40KG,,EA,6.00,0.00,0.00,0.00,0.00,6.00,N/A,N/A
00190030,AGR,FEED,OPTIGRO SOW & BOAR MEL BG 40KG,,EA,6.00,0.00,0.00,0.00,0.00,6.00,N/A,N/A
00190031,AGR,FEED,MEGAGRO LACTATING SOW MEL BG 40KG,,EA,1.00,0.00,0.00,0.00,0.00,1.00,N/A,N/A
00190032,AGR,FEED,EPOL COMPLETE RABBIT PELLETS 40KG,,EA,1.00,0.00,0.00,0.00,0.00,1.00,N/A,N/A
00190036,AGR,,EPOL OPTIGRO PIG GROWER ME,,EA,1.00,0.00,0.00,0.00,0.00,1.00,N/A,N/A
00190037,AGR,,EPOL RABBIT FOOD 10KG,,EA,1.00,0.00,0.00,0.00,0.00,1.00,N/A,N/A
00250002,AGR,PETFOO,MONTEGO MONTY & ME ESSENTIAL 40KG,,EA,1.00,0.00,0.00,0.00,0.00,1.00,N/A,N/A
00250003,AGR,PETFOO,MONTEGO CLASSIC ADULT 25KG,,EA,4.00,0.00,0.00,0.00,0.00,4.00,N/A,N/A
00250005,AGR,PETFOO,MONTEGO CLASSIC PUPPY 25KG,,EA,1.00,0.00,0.00,0.00,0.00,1.00,N/A,N/A
00250009,AGR,PETFOO,MONTY & ME ESSENTIAL ADULT 20KG,,EA,3.00,0.00,0.00,0.00,0.00,3.00,N/A,N/A
00250012,AGR,PETFOO,MONTEGO CLASSIC SENIOR 25KG,,EA,1.00,0.00,0.00,0.00,0.00,1.00,N/A,N/A
00250018,AGR,PETFOO,MONTEGO MONTY & ME PUPPY (S/BITE) - 25KG,,EA,1.00,0.00,0.00,0.00,0.00,1.00,N/A,N/A
00250022,AGR,PETFOO,MONTEGO BAG O' WAG CHICKEN STRIPS 500G,,EA,1.00,0.00,0.00,0.00,0.00,1.00,N/A,N/A
00250023,AGR,PETFOO,MONTEGO CLASSIC ROTISSERIE CHICKEN1.75KG,,EA,5.00,0.00,0.00,0.00,0.00,5.00,N/A,N/A
00250024,AGR,PETFOO,MONTEGO CLASSIC SLOW ROAST LAMB 1.75KG,,EA,1.00,0.00,0.00,0.00,0.00,1.00,N/A,N/A
00250029,AGR,PETFOO,MONTEGO CLASSIC KITTEN CHICKEN 3KG,,EA,1.00,0.00,0.00,0.00,0.00,1.00,N/A,N/A
00250032,AGR,PETFOO,MONTEGO CLASSIC SNACK BAR LAMB 100G,,EA,20.00,0.00,0.00,0.00,0.00,20.00,N/A,N/A
00250033,AGR,PETFOO,MONTEGO CLASSIC ADULT SMALL BREED 5KG,,EA,1.00,0.00,0.00,0.00,0.00,1.00,N/A,N/A
00250036,AGR,PETFOO,MONTEGO - WUMA ADULT 20KG,,EA,1.00,0.00,0.00,0.00,0.00,1.00,N/A,N/A
00250037,AGR,PETFOO,MONTEGO BAGS O' WAGS BACON STRIPS 1.5KG,,EA,2.00,0.00,0.00,0.00,0.00,2.00,N/A,N/A
00300001,AGR,PESTIC,HERSCHELL DISINFECT FOGGER 375ML,,EA,5.00,0.00,0.00,0.00,0.00,5.00,N/A,N/A
00310001,AGR,PESTIC,PROTEK NIP IT ANT CONTROL 200G,,EA,1.00,0.00,0.00,0.00,0.00,1.00,N/A,N/A
00310003,AGR,PESTIC,PROTEK CUTWORM BAIT 1KG,,EA,7.00,0.00,0.00,0.00,0.00,7.00,N/A,N/A
00310007,AGR,PESTIC,PROTEK SCATTERKILL FOR WEED 500G,,EA,3.00,0.00,0.00,0.00,0.00,3.00,N/A,N/A
00310011,AGR,PESTIC,PROTEK ANTRAP OUTDOORS 2PK,,EA,1.00,0.00,0.00,0.00,0.00,1.00,N/A,N/A
00310012,AGR,PESTIC,PROTEK ALPHATHRIN INSECTICIDE 50ML,,EA,1.00,0.00,0.00,0.00,0.00,1.00,N/A,N/A
00310014,AGR,PESTIC,PROTEK CLEAR PAVE 100ML,,EA,6.00,0.00,0.00,0.00,0.00,6.00,N/A,N/A
00310021,AGR,PESTIC,PROTEK ALPHATHRIN INSECTICIDE 1L,,EA,1.00,0.00,0.00,0.00,0.00,1.00,N/A,N/A
00310022,AGR,PESTIC,PROTEK ROACH GEL 10G,,EA,8.00,0.00,0.00,0.00,0.00,8.00,N/A,N/A
00310024,AGR,PESTIC,PROTEK ALPHATHRIN 100ML,,EA,1.00,0.00,0.00,0.00,0.00,1.00,N/A,N/A
00310027,AGR,PESTIC,PROTEK AVI GARD 100ML,,EA,2.00,0.00,0.00,0.00,0.00,2.00,N/A,N/A
00310030,AGR,PESTIC,PROTEK FLYZONE BAIT & BAG,,EA,9.00,0.00,0.00,0.00,0.00,9.00,N/A,N/A
00320009,AGR,PESTIC,EFEKTO FENDONA SC 6% 50ML,,EA,1.00,0.00,0.00,0.00,0.00,1.00,N/A,N/A
00320017,AGR,PESTIC,EFEKTO GO-GECKO 500ML,,EA,5.00,0.00,0.00,0.00,0.00,5.00,N/A,N/A
00320027,AGR,PESTIC,EFEKTO GARLON 4 50ML,,EA,1.00,0.00,0.00,0.00,0.00,1.00,N/A,N/A
00320028,AGR,PESTIC,EFEKTO STALKBORER PLUS GRANUALS 1KG,,EA,3.00,0.00,0.00,0.00,0.00,3.00,N/A,N/A
00320033,AGR,PESTIC,EFEKTO KARBADUST 200G,,EA,3.00,0.00,0.00,0.00,0.00,3.00,N/A,N/A
00320041,AGR,PESTIC,EFEKTO ZERO ROACH BAIT 100G,,EA,1.00,0.00,0.00,0.00,0.00,1.00,N/A,N/A
00320047,AGR,PESTIC,EFEKTO ROUNDUP WEEDKILLER CONCENTRATE 1L,,EA,22.00,0.00,0.00,0.00,0.00,22.00,N/A,N/A
00320049,AGR,PESTIC,EFEKTO SUPA-KILL FLY RIBBON 4 PACK,,EA,6.00,0.00,0.00,0.00,0.00,6.00,N/A,N/A
00320057,AGR,PESTIC,EFEKTO SNAILBAN 500G,,EA,4.00,0.00,0.00,0.00,0.00,4.00,N/A,N/A
00320060,AGR,,EFEKTO FUMITABS 6 TABLETS,,EA,2.00,0.00,0.00,0.00,0.00,2.00,N/A,N/A
00390002,AGR,HEALTH,F10 GERMICIDAL WOUND SPRAY + DYE 500ML,,EA,3.00,0.00,0.00,0.00,0.00,3.00,N/A,N/A
00390004,AGR,HEALTH,F10 HAND GEL W/PUMP 500ML,,EA,4.00,0.00,0.00,0.00,0.00,4.00,N/A,N/A
00460001,AGR,HEALTH,VIRBAC PRODOSE GREEN 250ML,,EA,2.00,0.00,0.00,0.00,0.00,2.00,N/A,N/A
00460003,AGR,HEALTH,VIRBAC MULTIDIP 100ML,,EA,2.00,0.00,0.00,0.00,0.00,2.00,N/A,N/A
00460007,AGR,HEALTH,VIRBAC AMIPOR POUR-ON 200ML,,EA,1.00,0.00,0.00,0.00,0.00,1.00,N/A,N/A
00460008,AGR,HEALTH,VIRBAC DIZENE 100ML,,EA,1.00,0.00,0.00,0.00,0.00,1.00,N/A,N/A
00460013,AGR,HEALTH,VIRBAC MULTIMIN SE+CU+CR CATTLE 500ML,,EA,1.00,0.00,0.00,0.00,0.00,1.00,N/A,N/A
00460016,AGR,HEALTH,VIRBAC EQUIMAX NF 7.49G,,EA,3.00,0.00,0.00,0.00,0.00,3.00,N/A,N/A
00490002,AGR,PESTIC,REDTOP FLYTRAP COMPLETE 8L,,EA,-2.00,0.00,0.00,0.00,0.00,-2.00,N/A,N/A
00500004,AGR,PESTIC,COOPERS ULTRAKILL FLY BAIT 50G,,EA,39.00,0.00,0.00,0.00,0.00,39.00,N/A,N/A
00500005,AGR,PESTIC,COOPERS KILLEM FLY BAIT 100ML,,EA,1.00,0.00,0.00,0.00,0.00,1.00,N/A,N/A
00500010,AGR,PESTIC,COOPERS BAIT STATION JERRY,,EA,1.00,0.00,0.00,0.00,0.00,1.00,N/A,N/A
00500012,AGR,PESTIC,COOPERS NUPRO AERCSOL 330ML,,EA,33.00,0.00,0.00,0.00,0.00,33.00,N/A,N/A
00500016,AGR,PESTIC,COOPERS NUPRO AERCSOL 120ML,,EA,3.00,0.00,0.00,0.00,0.00,3.00,N/A,N/A
00500017,AGR,PESTIC,ULTRAKILL RAT & MOUSE WAX BLOCKS 500G,,EA,11.00,0.00,0.00,0.00,0.00,11.00,N/A,N/A
00500018,AGR,PESTIC,ULTRAKILL RAT & MOUSE WAX BLOCKS 85G,,EA,20.00,0.00,0.00,0.00,0.00,20.00,N/A,N/A
00500019,AGR,PESTIC,COOPERS ULTRAKILL RAT&MOUSE LIQUID 200ML,,EA,1.00,0.00,0.00,0.00,0.00,1.00,N/A,N/A
00500020,AGR,PESTIC,COOPERS ULTRAKILL RAT&MOUSE GRAIN 80G,,EA,11.00,0.00,0.00,0.00,0.00,11.00,N/A,N/A
00500023,AGR,PESTIC,COOPERS ULTRAKILL FLY BAIT 1KG,,EA,5.00,0.00,0.00,0.00,0.00,5.00,N/A,N/A
00500024,AGR,PESTIC,COOPERS FLY KILLER 270ML,,EA,3.00,0.00,0.00,0.00,0.00,3.00,N/A,N/A
00500026,AGR,PESTIC,COOPERS NUFOG DOMESTIC 325ML,,EA,1.00,0.00,0.00,0.00,0.00,1.00,N/A,N/A
00500029,AGR,,COOPER FLY CATCH COMPLETE DISOS,,EA,7.00,0.00,0.00,0.00,0.00,7.00,N/A,N/A
00510003,AGR,PETFOO,JOCK HAPPY HAPPIES DISPENSER 24 X 45G,,EA,21.00,0.00,0.00,0.00,0.00,21.00,N/A,N/A
00520002,AGR,PETFOO,OPTIMIZOR BEEF ADULT 20KG,,EA,-1.00,0.00,0.00,0.00,0.00,-1.00,N/A,N/A
00540002,AGR,HEALTH,HITET 200LA GOLD 500ML,,EA,2.00,0.00,0.00,0.00,0.00,2.00,N/A,N/A
00560002,AGR,HEALTH,ANTROVET B CO PHOS INJECTION 100ML,,EA,2.00,0.00,0.00,0.00,0.00,2.00,N/A,N/A
00560006,AGR,HEALTH,ANTROVET SUPER BOOST 100ML,,EA,1.00,0.00,0.00,0.00,0.00,1.00,N/A,N/A
00560009,AGR,HEALTH,ANTROVET IVER JECT METABOLIC 500ML,,EA,1.00,0.00,0.00,0.00,0.00,1.00,N/A,N/A
00560010,AGR,HEALTH,ANTROVET MAXIMUS 500ML,,,1.00,0.00,0.00,0.00,0.00,1.00,N/A,N/A
00560012,AGR,HEALTH,ANTROVET CALF WEANER BLUE,,EA,4.00,0.00,0.00,0.00,0.00,4.00,N/A,N/A
00580003,AGR,HEALTH,ASCENDIS IVERMAX 1PCT INJECTABLE 50ML,,EA,2.00,0.00,0.00,0.00,0.00,2.00,N/A,N/A
00580008,AGR,HEALTH,ASCENDIS REDNIL 100ML,,EA,1.00,0.00,0.00,0.00,0.00,1.00,N/A,N/A
00580013,AGR,HEALTH,ASCENDIS MAXITET 13.5PCT 100ML,,EA,2.00,0.00,0.00,0.00,0.00,2.00,N/A,N/A
00580014,AGR,HEALTH,ASCENDIS MAXITET LA 100ML,,EA,3.00,0.00,0.00,0.00,0.00,3.00,N/A,N/A
00580015,AGR,HEALTH,ASCENDIS DORAJECT + AD3E 500ML,,EA,1.00,0.00,0.00,0.00,0.00,1.00,N/A,N/A
00580016,AGR,HEALTH,ASCENDIS MAXITET 13.5PCT 500ML,,EA,1.00,0.00,0.00,0.00,0.00,1.00,N/A,N/A
00580018,AGR,HEALTH,ASCENDIS MAXITET LA 500ML,,EA,2.00,0.00,0.00,0.00,0.00,2.00,N/A,N/A
00580023,AGR,HEALTH,ASCENDIS IVERMAX + AD3E 1L,,EA,1.00,0.00,0.00,0.00,0.00,1.00,N/A,N/A
00580024,AGR,,ASCENDIS BABEX 100ML,,EA,1.00,0.00,0.00,0.00,0.00,1.00,N/A,N/A
00590002,AGR,HEALTH,KYROTRIM INJECTION 100ML,,EA,1.00,0.00,0.00,0.00,0.00,1.00,N/A,N/A
00590003,AGR,HEALTH,KYRON DOCUSOL 500ML,,EA,2.00,0.00,0.00,0.00,0.00,2.00,N/A,N/A
00640003,AGR,HEALTH,AFRIVET ERADIWORM 25 1L,,EA,1.00,0.00,0.00,0.00,0.00,1.00,N/A,N/A
00640005,AGR,HEALTH,AFRIVET ERADIWORM + TAPE 200ML,,EA,1.00,0.00,0.00,0.00,0.00,1.00,N/A,N/A
00640012,AGR,,AFRIVET ERADITICK 250 1LT,,EA,2.00,0.00,0.00,0.00,0.00,2.00,N/A,N/A
00640014,AGR,,AFRIVET ECOMECTIN 1PCT INJECT 50ML,,EA,1.00,0.00,0.00,0.00,0.00,1.00,N/A,N/A
00650002,AGR,FEED,RAMBO STARTER CRUMBLE 10KG,,EA,-2.50,0.00,0.00,0.00,0.00,-2.50,N/A,N/A
00690004,AGR,HERBIC,BAYER ROUNDUP POWERMAX 1L,,EA,1.00,0.00,0.00,0.00,0.00,1.00,N/A,N/A
00690006,AGR,HEALTH,BAYER SULFAZINE 16%SOL. 100ML,,EA,2.00,0.00,0.00,0.00,0.00,2.00,N/A,N/A
00690007,AGR,HEALTH,DRASTIC DEADLINE 1L,,EA,2.00,0.00,0.00,0.00,0.00,2.00,N/A,N/A
00710007,AGR,HEALTH,MSD TAKTIC DOG DIP 100ML,,EA,1.00,0.00,0.00,0.00,0.00,1.00,N/A,N/A
00710011,AGR,HEALTH,MSD VACCINE LUMPYVAX 100ML,,EA,1.00,0.00,0.00,0.00,0.00,1.00,N/A,N/A
00710015,AGR,HEALTH,MSD DELETE ALL POUR-ON 1L,,EA,2.00,0.00,0.00,0.00,0.00,2.00,N/A,N/A
00710022,AGR,HEALTH,MSD BERENIL RTU 90ML,,EA,2.00,0.00,0.00,0.00,0.00,2.00,N/A,N/A
00750005,AGR,CONSUM,TUBE FEEDER PLASTIC,,EA,1.00,0.00,0.00,0.00,0.00,1.00,N/A,N/A
00750006,AGR,CONSUM,BULK CHICK FEEDER,,EA,1.00,0.00,0.00,0.00,0.00,1.00,N/A,N/A
00750007,AGR,CONSUM,FONT 12LT,,EA,2.00,0.00,0.00,0.00,0.00,2.00,N/A,N/A
00750009,AGR,CONSUM,CHICK TRAY - ROUND CODE 602,,EA,1.00,0.00,0.00,0.00,0.00,1.00,N/A,N/A
00750010,AGR,CONSUM,POLTEK FONT 750ML,,EA,1.00,0.00,0.00,0.00,0.00,1.00,N/A,N/A
00750011,AGR,CONSUM,POLTEK FEEDER OVAL16 HOLE METAL,,EA,2.00,0.00,0.00,0.00,0.00,2.00,N/A,N/A
00770003,AGR,HEALTH,ZOETIS VALBANTEL FOR CATTLE 500ML,,EA,3.00,0.00,0.00,0.00,0.00,3.00,N/A,N/A
00770004,AGR,HEALTH,ZOETIS VALBANTEL FOR SHEEP & GOAT 500ML,,EA,1.00,0.00,0.00,0.00,0.00,1.00,N/A,N/A
00770005,AGR,HEALTH,ZOETIS VALBAZEN ULTRA 500ML,,EA,1.00,0.00,0.00,0.00,0.00,1.00,N/A,N/A
00770007,AGR,HEALTH,ZOETIS LECTADE PER SACHET 10G,,EA,5.00,0.00,0.00,0.00,0.00,5.00,N/A,N/A
00770013,AGR,HEALTH,ZOETIS VALBANTEL 5L,,EA,2.00,0.00,0.00,0.00,0.00,2.00,N/A,N/A
00770014,AGR,HEALTH,ZOETIS DECTOMAX 20ML,,EA,1.00,0.00,0.00,0.00,0.00,1.00,N/A,N/A
00770015,AGR,HEALTH,ZOETIS DECTOMAX 50ML,,EA,1.00,0.00,0.00,0.00,0.00,1.00,N/A,N/A
00770018,AGR,,ZOETIS FORTITUDE EDC SOL 3.6 GR,,EA,2.00,0.00,0.00,0.00,0.00,2.00,N/A,N/A
00800002,AGR,HEALTH,SWAVET STOCKHOLM TAR 500ML (DENVET) BD,,EA,2.00,0.00,0.00,0.00,0.00,2.00,N/A,N/A
00800004,AGR,HEALTH,SWAVET CALF TEAT LATEX,,EA,5.00,0.00,0.00,0.00,0.00,5.00,N/A,N/A
00800005,AGR,HEALTH,SWAVET LAM TEATS LATEX,,EA,8.00,0.00,0.00,0.00,0.00,8.00,N/A,N/A
00800006,AGR,HEALTH,SWAVET CASTRATOR RING APPLICATOR METAL,,EA,1.00,0.00,0.00,0.00,0.00,1.00,N/A,N/A
00800007,AGR,HEALTH,SWAVET EPSON SALTS 1KG,,EA,1.00,0.00,0.00,0.00,0.00,1.00,N/A,N/A
00800008,AGR,HEALTH,SWAVET MILKING CREAM 500ML,,EA,1.00,0.00,0.00,0.00,0.00,1.00,N/A,N/A
00800009,AGR,HEALTH,SWAVET FLY REPELLENT 1L,,EA,1.00,0.00,0.00,0.00,0.00,1.00,N/A,N/A
00800010,AGR,HEALTH,SWAVET TICK GREASE 500ML,,EA,3.00,0.00,0.00,0.00,0.00,3.00,N/A,N/A
00800011,AGR,HEALTH,LIQUID PARAFFIN (DENVET),,EA,2.00,0.00,0.00,0.00,0.00,2.00,N/A,N/A
00800012,AGR,,SWAVET TICK GREASE 2LT,,EA,1.00,0.00,0.00,0.00,0.00,1.00,N/A,N/A
00830010,AGR,FEED,AFGRI PIG GROWER 40KG,,EA,4.00,0.00,0.00,0.00,0.00,4.00,N/A,N/A
00840001,AGR,FEED,EQUIFEED GOLDEN YEARS HORSE FEE 13% 40KG,,EA,1.00,0.00,0.00,0.00,0.00,1.00,N/A,N/A
00880004,AGR,,PANNAR MAIZE PAN SC 701 F2 GRN 5KG,,EA,1.00,0.00,0.00,0.00,0.00,1.00,N/A,N/A
00910006,AGR,FEED,MEADOW BROILER STARTER 50KG,,EA,6.00,0.00,0.00,0.00,0.00,6.00,N/A,N/A
00910008,AGR,FEED,MEADOW FINISHER 50KG,,EA,4.00,0.00,0.00,0.00,0.00,4.00,N/A,N/A
00920001,AGR,FEED,DE HEUS BROILER STARTER CRUMBLE 50KG,,EA,1.00,0.00,0.00,0.00,0.00,1.00,N/A,N/A
00960003,AGR,DISABL,JAAGBAAN KULU DAG 50KG/TON,,EA,-18.55,0.00,0.00,0.00,0.00,-18.55,N/A,N/A
01000002,AGR,HEALTH,LIONELS INFO EARTAG SHEEP M+F YELLOW-20,,EA,1.00,0.00,0.00,0.00,0.00,1.00,N/A,N/A
01000005,AGR,HEALTH,INFOTAG EARTAGS MARKING PEN,,EA,3.00,0.00,0.00,0.00,0.00,3.00,N/A,N/A
01000006,AGR,HEALTH,LIONELS INFO EARTAG SHEEP M+F BLUE - 20,,EA,1.00,0.00,0.00,0.00,0.00,1.00,N/A,N/A
01000010,AGR,HEALTH,LIONELS EPSOM SALTS 1KG,,EA,1.00,0.00,0.00,0.00,0.00,1.00,N/A,N/A
01000012,AGR,HEALTH,LIONELS CHOICE CANINE DEWORMER,,EA,1.00,0.00,0.00,0.00,0.00,1.00,N/A,N/A
01000013,AGR,HEALTH,LIONELS INFO EARTAG F4 + M1 RED - 10,,EA,1.00,0.00,0.00,0.00,0.00,1.00,N/A,N/A
01000014,AGR,HEALTH,LIONELS LIGHT INFRATED 175W PHILLIPS,,EA,1.00,0.00,0.00,0.00,0.00,1.00,N/A,N/A
01000016,AGR,HEALTH,LIONELS INFO EARTAG F4 + M1 BLUE - 10,,EA,2.00,0.00,0.00,0.00,0.00,2.00,N/A,N/A
01000017,AGR,HEALTH,LIONELS INFO EARTAG F2 + M1 BLUE - 10,,EA,2.00,0.00,0.00,0.00,0.00,2.00,N/A,N/A
01000018,AGR,HEALTH,LIONELS INFO EARTAG F4 + M1 YELLOW - 10,,EA,2.00,0.00,0.00,0.00,0.00,2.00,N/A,N/A
01000019,AGR,HEALTH,LIONELS INFO EARTAG F3 + M3 GREEN - 10,,EA,2.00,0.00,0.00,0.00,0.00,2.00,N/A,N/A
01000020,AGR,HEALTH,LIONELS INFO EARTAG F3 + M3 BLUE - 10,,EA,3.00,0.00,0.00,0.00,0.00,3.00,N/A,N/A
01010001,AGR,DISABL,STARKE AYRES BEETROOT 10G,,EA,2.00,0.00,0.00,0.00,0.00,2.00,N/A,N/A
01030001,AGR,FERTIL,YARA 5.1.5(45) 50KG,,EA,1.00,0.00,0.00,0.00,0.00,1.00,N/A,N/A
01060001,AGR,HERBIC,ENVIRO GLYPHOSATE 360 1L,,EA,23.00,0.00,0.00,0.00,0.00,23.00,N/A,N/A
01080005,AGR,HEALTH,ELANCO EKTOBAN 20L,,EA,1.00,0.00,0.00,0.00,0.00,1.00,N/A,N/A
01080006,AGR,HEALTH,ELANCO LINTEX L 1LT,,EA,2.00,0.00,0.00,0.00,0.00,2.00,N/A,N/A
01090001,AGR,HEALTH,IVOMEC GOLD INJECTABLE 50ML,,EA,1.00,0.00,0.00,0.00,0.00,1.00,N/A,N/A
01100002,AGR,HEALTH,MOLATEK MEESTER MASTER 20 40KG,,EA,1.00,0.00,0.00,0.00,0.00,1.00,N/A,N/A
01100004,AGR,HEALTH,MOLATEK FOSBLOCK 25KG,,EA,2.00,0.00,0.00,0.00,0.00,2.00,N/A,N/A
01100005,AGR,HEALTH,MOLATEK MULTI BLOCK 28 25KG,,EA,1.00,0.00,0.00,0.00,0.00,1.00,N/A,N/A
01110001,AGR,,GROMOR COMPOST 30DM 10KG,,EA,4.00,0.00,0.00,0.00,0.00,4.00,N/A,N/A
01130003,AGR,,IDEAL DOG PUPPY 25KG,,EA,1.00,0.00,0.00,0.00,0.00,1.00,N/A,N/A
01200001,AGR,HEALTH,VOERMOL SUPER 18 40KG,,EA,1.00,0.00,0.00,0.00,0.00,1.00,N/A,N/A
01210001,AGR,,BARENBRUG KIKUYU WHITTET COATED 1KG,,EA,1.00,0.00,0.00,0.00,0.00,1.00,N/A,N/A
01250001,AGR,,CEVAMEC 1% INJECTION 500ML,,EA,1.00,0.00,0.00,0.00,0.00,1.00,N/A,N/A
01260001,AGR,,TEA ACTIVELY AERATED SOIL ELIXIR CON 5L,,EA,2.00,0.00,0.00,0.00,0.00,2.00,N/A,N/A
01270002,AGR,HEALTH,NEXGARD SPECTRA SMALL TAB 3.6-7.5KG,,EA,2.00,0.00,0.00,0.00,0.00,2.00,N/A,N/A
01270003,AGR,HEALTH,NEXGARD SPECTRA MED TAB 7.6-15KG,,EA,1.00,0.00,0.00,0.00,0.00,1.00,N/A,N/A
01270004,AGR,HEALTH,NEXGARD SPECTRA X-LARGE TAB 30.1-60KG,,EA,1.00,0.00,0.00,0.00,0.00,1.00,N/A,N/A
01270008,AGR,HEALTH,NEXGARD SPECTRA X-SMALL TAB 2-3.5KG,,EA,2.00,0.00,0.00,0.00,0.00,2.00,N/A,N/A
01280002,AGR,,FORGE OIL ATF DXII 500ML,,EA,2.00,0.00,0.00,0.00,0.00,2.00,N/A,N/A
01280003,AGR,,FORGE OIL ENGINE MONO GRADE SAE 40 500ML,,EA,1.00,0.00,0.00,0.00,0.00,1.00,N/A,N/A
01280005,AGR,,FORGE OIL ATF DXII 5L,,EA,1.00,0.00,0.00,0.00,0.00,1.00,N/A,N/A
01280007,AGR,,FORGE OIL ENGINE MONO GRADE SAE 40 5L,,EA,2.00,0.00,0.00,0.00,0.00,2.00,N/A,N/A
01280008,AGR,,FORGE OIL EP GEAR 80W90 GI5 5L,,EA,1.00,0.00,0.00,0.00,0.00,1.00,N/A,N/A
01280010,AGR,,FORGE OIL HYDRAULIC 68VIS 5L,,EA,1.00,0.00,0.00,0.00,0.00,1.00,N/A,N/A
01280011,AGR,,FORGE OIL SUPER UNIV STOU 15W40 5L,,EA,1.00,0.00,0.00,0.00,0.00,1.00,N/A,N/A
01280012,AGR,,FORGE OIL UNIVERS UTTO TRANSMISSION 5L,,EA,1.00,0.00,0.00,0.00,0.00,1.00,N/A,N/A
01280013,AGR,,FORGE OIL EP GEAR 80W90 GI5 500ML,,EA,3.00,0.00,0.00,0.00,0.00,3.00,N/A,N/A
01280015,AGR,,FORGE OIL EP GEAR 80W140 GI5 500ML,,EA,3.00,0.00,0.00,0.00,0.00,3.00,N/A,N/A
01280016,AGR,,FORGE OIL CUTTER BAR 110 500ML,,EA,1.00,0.00,0.00,0.00,0.00,1.00,N/A,N/A
01280017,AGR,,FORGE OIL 2 STROKE OIL 5L,,EA,3.00,0.00,0.00,0.00,0.00,3.00,N/A,N/A
01280018,AGR,,FORGE OIL CUTTER BAR 110 5L,,EA,1.00,0.00,0.00,0.00,0.00,1.00,N/A,N/A
01280019,AGR,,FORGE OIL DIESEL 15W40 CI-4/SL 500ML,,EA,2.00,0.00,0.00,0.00,0.00,2.00,N/A,N/A
01330002,AGR,,RIMAX DOG FOOD 7KG,,EA,1.00,0.00,0.00,0.00,0.00,1.00,N/A,N/A
1007PR1007,AGR,,HIGH MONDIAL L 10KG,,EA,45.00,0.00,0.00,0.00,0.00,45.00,N/A,N/A
1008PR1008,AGR,,HOWDO MONDIAL 1ST L 10KG,,EA,65.00,0.00,0.00,0.00,0.00,65.00,N/A,N/A
1008PR1009,AGR,,ON THE ROCK FARMING MONDIAL 1ST L 10KG,,EA,22.00,0.00,0.00,0.00,0.00,22.00,N/A,N/A
1010PR1010,AGR,,ENKELDE BOSCH POTATO MONDIAL CLASS 1,,EA,10.00,0.00,0.00,0.00,0.00,10.00,N/A,N/A
1011PR1011,AGR,,MONDIAL SIFRA NIKAMET LM POTATO,,EA,23.00,0.00,0.00,0.00,0.00,23.00,N/A,N/A
1012PR1012,AGR,,ROMANCE ONION M 7KG,,EA,149.00,0.00,0.00,0.00,0.00,149.00,N/A,N/A
1013PR1013,AGR,,DEFACTO MONDIAL CLASS 1 LARGE POTATO,,EA,20.00,0.00,0.00,0.00,0.00,20.00,N/A,N/A
1014PR1014,AGR,,DEFACTO MONDIAL CLASS 1 L/M POTATO,,EA,11.00,0.00,0.00,0.00,0.00,11.00,N/A,N/A
14.1,CYL,CYL,14KG CYLINDER DEPOSIT,,EA,117.00,0.00,0.00,0.00,0.00,117.00,N/A,N/A
19.1,CYL,CYL,19KG CYLINDER DEPOSIT,,EA,168.00,0.00,0.00,0.00,0.00,168.00,N/A,N/A
9.1,CYL,CYL,9KG CYLINDER DEPOSIT,,EA,483.00,0.00,0.00,0.00,0.00,483.00,N/A,N/A
D.1,CYL,CYL,48KG DV CYLINDER DEPOSIT,,EA,6.00,2.00,0.00,0.00,0.00,8.00,N/A,N/A
S.1,CYL,CYL,48KG SV CYLINDER DEPOSIT,,EA,194.00,0.00,0.00,0.00,0.00,194.00,N/A,N/A
D.4,DV,LPG,48KG DV LPG - PACKED,,EA,0.00,1.00,0.00,0.00,0.00,1.00,N/A,N/A
D01,DV,LPG,48KG DOUBLE VALVE PACKED,,EA,1.00,0.00,0.00,0.00,0.00,1.00,N/A,N/A
PIPE01,FIT,ACC,HIGH PRESSURE HOSE,,EA,5.00,0.00,0.00,0.00,0.00,5.00,N/A,N/A
LPG-01,LPG,LPG,LPG BULK / TOPUP,,EA,17.60,0.00,0.00,0.00,0.00,17.60,N/A,N/A
S.4,SV,LPG,48KG SV LPG- PACKED,,EA,1.00,1.00,0.00,0.00,0.00,2.00,N/A,N/A
S01,SV,LPG,48KG SINGLE VALVE PACKED,,EA,22.00,0.00,0.00,0.00,0.00,22.00,N/A,N/A